x,y,z,type
-662,74,54,minecraft:chest
-556,56,21,tombstone:tile_grave
-523,-41,-14,apotheosis:boss_spawner
0,0,0,<canary_sleeping>
0,0,0,<canary_sleeping>
-695,-1,107,minecraft:mob_spawner
-504,-43,-42,apotheosis:boss_spawner
-714,77,58,minecraft:chest
-715,-42,69,minecraft:mob_spawner
0,0,0,<canary_sleeping>
0,0,0,<canary_sleeping>
-729,201,39,minecraft:chest
-725,-43,59,quark:monster_box
0,0,0,<canary_sleeping>
0,0,0,<canary_sleeping>
-618,68,150,minecraft:chest
0,0,0,<canary_sleeping>
-592,21,0,minecraft:mob_spawner
-570,75,54,minecraft:chest
-642,58,-82,apotheosis:boss_spawner
0,0,0,<canary_sleeping>
0,0,0,<canary_sleeping>
0,0,0,<canary_sleeping>
0,0,0,<canary_sleeping>
0,0,0,<canary_sleeping>
0,0,0,<canary_sleeping>
-650,-1,-141,minecraft:mob_spawner
-662,84,-86,minecraft:chest
-570,70,-38,minecraft:chest
-579,60,-38,tombstone:tile_grave
-560,-15,-53,quark:monster_box
0,0,0,<canary_sleeping>
0,0,0,<canary_sleeping>
0,0,0,<canary_sleeping>
0,0,0,<canary_sleeping>
-704,-42,-147,minecraft:mob_spawner
-710,76,-138,minecraft:chest
-618,75,6,minecraft:chest
-632,-28,23,quark:monster_box
0,0,0,<canary_sleeping>
0,0,0,<canary_sleeping>
-701,-7,125,minecraft:mob_spawner
0,0,0,<canary_sleeping>
0,0,0,<canary_sleeping>
-686,-31,125,minecraft:mob_spawner
-561,-47,-132,apotheosis:boss_spawner
-570,76,-134,minecraft:chest
0,0,0,<canary_sleeping>
0,0,0,<canary_sleeping>
-614,79,-38,minecraft:chest
0,0,0,<canary_sleeping>
0,0,0,<canary_sleeping>
-631,-46,-56,apotheosis:boss_spawner
-630,-46,-59,quark:monster_box
-505,-48,-79,minecraft:mob_spawner
-566,71,-86,minecraft:chest
0,0,0,<canary_sleeping>
0,0,0,<canary_sleeping>
-662,76,-38,minecraft:chest
-471,47,-154,minecraft:chest
-726,-4,116,minecraft:mob_spawner
-722,-6,155,quark:monster_box
-721,72,-125,minecraft:beehive
-516,63,-121,tombstone:tile_grave
-459,-34,-61,minecraft:mob_spawner
-722,-1,-54,minecraft:mob_spawner
0,0,0,<canary_sleeping>
0,0,0,<canary_sleeping>
-750,-35,-38,quark:monster_box
-522,68,-138,minecraft:chest
0,0,0,<canary_sleeping>
0,0,0,<canary_sleeping>
-540,-1,-147,quark:monster_box
-515,17,-159,minecraft:mob_spawner
-392,-42,-160,minecraft:blast_furnace
0,0,0,<canary_sleeping>
0,0,0,<canary_sleeping>
-515,-43,144,minecraft:mob_spawner
-501,-45,144,quark:monster_box
-386,-8,16,quark:monster_box
-537,-36,-173,minecraft:mob_spawner
-752,-38,-160,minecraft:mob_spawner
-424,22,-190,minecraft:campfire
-423,22,-188,minecraft:smoker
-392,19,-60,minecraft:campfire
-393,19,-62,minecraft:furnace
-393,-42,-162,minecraft:campfire
-392,-18,-162,minecraft:campfire
-394,-18,-162,minecraft:smoker
-492,21,-191,minecraft:campfire
-492,21,-189,minecraft:smoker
0,0,0,<canary_sleeping>
0,0,0,<canary_sleeping>
-614,-33,-414,minecraft:mob_spawner
0,0,0,<canary_sleeping>
0,0,0,<canary_sleeping>
-614,68,-422,minecraft:chest
-622,-33,-417,minecraft:mob_spawner
-701,15,-411,minecraft:mob_spawner
-696,15,-410,minecraft:mob_spawner
-691,17,-407,minecraft:mob_spawner
-701,15,-399,minecraft:mob_spawner
-618,68,-378,minecraft:chest
-714,-3,-387,minecraft:mob_spawner
0,0,0,<canary_sleeping>
-710,70,-470,minecraft:chest
-714,-3,-405,minecraft:mob_spawner
0,0,0,<canary_sleeping>
-625,-43,-479,quark:monster_box
-714,25,-384,minecraft:mob_spawner
-720,-2,-383,minecraft:chest
-718,-2,-381,minecraft:chest
-566,68,-426,minecraft:chest
-688,12,-485,apotheosis:boss_spawner
-732,33,-432,minecraft:mob_spawner
-721,8,-432,minecraft:mob_spawner
0,0,0,<canary_sleeping>
-721,8,-477,minecraft:mob_spawner
-726,16,-369,minecraft:mob_spawner
-729,25,-382,minecraft:chest
-566,67,-378,minecraft:chest
-705,15,-360,minecraft:mob_spawner
-705,24,-360,minecraft:mob_spawner
0,0,0,<canary_sleeping>
0,0,0,<canary_sleeping>
-582,-41,-365,quark:monster_box
-567,-41,-487,apotheosis:boss_spawner
-537,-20,-494,apotheosis:boss_spawner
-596,-42,-507,quark:monster_box
-714,-14,-352,apotheosis:boss_spawner
0,0,0,<canary_sleeping>
0,0,0,<canary_sleeping>
-727,-9,-342,quark:monster_box
0,0,0,<canary_sleeping>
0,0,0,<canary_sleeping>
-748,17,-437,minecraft:mob_spawner
-745,15,-438,minecraft:mob_spawner
-748,15,-427,minecraft:mob_spawner
-752,17,-427,minecraft:mob_spawner
-745,15,-411,minecraft:mob_spawner
-752,17,-410,minecraft:mob_spawner
-750,17,-410,minecraft:mob_spawner
-750,33,-486,minecraft:mob_spawner
-745,15,-365,minecraft:mob_spawner
-739,25,-363,minecraft:mob_spawner
-739,25,-357,minecraft:chest
-750,24,-360,minecraft:mob_spawner
-741,1,-360,minecraft:mob_spawner
-741,-4,-360,minecraft:chest
-745,15,-355,minecraft:chest
0,0,0,<canary_sleeping>
0,0,0,<canary_sleeping>
-745,6,-374,minecraft:mob_spawner
-750,25,-384,minecraft:mob_spawner
-748,15,-375,minecraft:chest
-750,33,-387,minecraft:mob_spawner
-752,17,-400,minecraft:mob_spawner
-741,1,-387,minecraft:mob_spawner
-666,69,-326,minecraft:chest
0,0,0,<canary_sleeping>
0,0,0,<canary_sleeping>
-523,-37,-357,quark:monster_box
0,0,0,<canary_sleeping>
0,0,0,<canary_sleeping>
0,0,0,<canary_sleeping>
0,0,0,<canary_sleeping>
-566,-14,-528,minecraft:mob_spawner
-755,15,-434,minecraft:mob_spawner
0,0,0,<canary_sleeping>
-755,17,-430,minecraft:mob_spawner
-755,15,-405,minecraft:mob_spawner
-755,17,-407,minecraft:mob_spawner
-764,-2,-401,minecraft:mob_spawner
-762,79,-470,minecraft:chest
-768,33,-450,minecraft:mob_spawner
-755,15,-365,minecraft:chest
-764,-2,-354,minecraft:chest
-768,-2,-388,minecraft:mob_spawner
-768,-2,-386,minecraft:mob_spawner
-762,24,-372,minecraft:chest
-755,6,-374,minecraft:chest
-753,15,-380,minecraft:chest
-762,76,-518,minecraft:chest
-665,63,-422,quark:variant_chest
-666,63,-422,quark:variant_chest
0,0,0,<canary_sleeping>
0,0,0,<canary_sleeping>
-774,77,-456,minecraft:beehive
0,0,0,<canary_sleeping>
0,0,0,<canary_sleeping>
-772,-2,-419,minecraft:mob_spawner
0,0,0,<canary_sleeping>
-784,26,-432,minecraft:mob_spawner
-772,-2,-401,minecraft:mob_spawner
-777,6,-410,minecraft:mob_spawner
-775,8,-410,minecraft:mob_spawner
-779,8,-400,minecraft:mob_spawner
-775,8,-400,minecraft:mob_spawner
-772,-2,-354,minecraft:chest
-781,65,-334,torchmaster:feral_flare_lantern
-770,15,-375,minecraft:chest
-774,16,-369,minecraft:mob_spawner
-777,6,-369,minecraft:mob_spawner
-751,66,-315,torchmaster:feral_flare_lantern
-770,-36,-537,quark:monster_box
0,0,0,<canary_sleeping>
0,0,0,<canary_sleeping>
0,0,0,<canary_sleeping>
-702,-40,-530,apotheosis:boss_spawner
0,0,0,<canary_sleeping>
0,0,0,<canary_sleeping>
0,0,0,<canary_sleeping>
0,0,0,<canary_sleeping>
0,0,0,<canary_sleeping>
0,0,0,<canary_sleeping>
-789,24,-371,minecraft:chest
-788,6,-384,minecraft:chest
-788,-3,-357,minecraft:chest
-792,6,-362,minecraft:chest
-786,-3,-360,minecraft:mob_spawner
-792,6,-358,minecraft:chest
-795,16,-360,minecraft:chest
-795,6,-360,minecraft:mob_spawner
-786,6,-387,minecraft:mob_spawner
0,0,0,<canary_sleeping>
-789,11,-506,minecraft:mob_spawner
0,0,0,<canary_sleeping>
0,0,0,<canary_sleeping>
-536,-11,-529,apotheosis:boss_spawner
0,0,0,<canary_sleeping>
-799,-2,-436,minecraft:mob_spawner
-791,-2,-436,minecraft:mob_spawner
-792,-2,-423,minecraft:mob_spawner
-795,6,-405,minecraft:mob_spawner
-799,2,-401,minecraft:mob_spawner
-791,2,-401,minecraft:mob_spawner
0,0,0,<canary_sleeping>
0,0,0,<canary_sleeping>
0,0,0,<canary_sleeping>
0,0,0,<canary_sleeping>
-714,75,-282,minecraft:chest
-568,0,-281,minecraft:mob_spawner
-808,6,-393,minecraft:mob_spawner
0,0,0,<canary_sleeping>
0,0,0,<canary_sleeping>
-815,6,-392,minecraft:mob_spawner
-810,74,-378,minecraft:chest
-808,6,-381,minecraft:mob_spawner
-804,5,-364,minecraft:mob_spawner
-806,76,-522,minecraft:chest
0,0,0,<canary_sleeping>
-618,76,-282,minecraft:chest
-806,85,-566,minecraft:chest
-792,67,-278,torchmaster:feral_flare_lantern
-768,-7,-288,minecraft:mob_spawner
-802,66,-303,torchmaster:feral_flare_lantern
-815,71,-295,quark:variant_chest
0,0,0,<canary_sleeping>
0,0,0,<canary_sleeping>
-811,71,-295,quark:variant_chest
-812,71,-295,quark:variant_chest
-814,71,-295,quark:variant_chest
-801,6,-436,tombstone:tile_grave
-806,75,-426,minecraft:chest
0,0,0,<canary_sleeping>
-804,-46,-510,apotheosis:boss_spawner
-808,-45,-504,minecraft:mob_spawner
-810,75,-474,minecraft:chest
-758,116,-570,minecraft:chest
0,0,0,<canary_sleeping>
0,0,0,<canary_sleeping>
0,0,0,<canary_sleeping>
0,0,0,<canary_sleeping>
-662,74,-278,minecraft:chest
-482,7,-458,minecraft:mob_spawner
0,0,0,<canary_sleeping>
0,0,0,<canary_sleeping>
-451,-14,-435,minecraft:mob_spawner
0,0,0,<canary_sleeping>
0,0,0,<canary_sleeping>
-481,1,-331,minecraft:furnace
0,0,0,<canary_sleeping>
0,0,0,<canary_sleeping>
0,0,0,<canary_sleeping>
0,0,0,<canary_sleeping>
0,0,0,<canary_sleeping>
-471,56,-314,minecraft:chest
-473,201,-503,minecraft:chest
0,0,0,<canary_sleeping>
0,0,0,<canary_sleeping>
0,0,0,<canary_sleeping>
0,0,0,<canary_sleeping>
0,0,0,<canary_sleeping>
0,0,0,<canary_sleeping>
-826,-2,-409,minecraft:mob_spawner
0,0,0,<canary_sleeping>
-826,-2,-401,minecraft:mob_spawner
0,0,0,<canary_sleeping>
0,0,0,<canary_sleeping>
0,0,0,<canary_sleeping>
-818,-2,-381,minecraft:chest
-827,6,-365,minecraft:mob_spawner
-831,65,-327,torchmaster:feral_flare_lantern
-822,-3,-432,minecraft:mob_spawner
0,0,0,<canary_sleeping>
0,0,0,<canary_sleeping>
0,0,0,<canary_sleeping>
-820,16,-294,apotheosis:boss_spawner
-814,-9,-246,apotheosis:boss_spawner
-546,-12,-563,apotheosis:boss_spawner
0,0,0,<canary_sleeping>
0,0,0,<canary_sleeping>
0,0,0,<canary_sleeping>
-599,-27,-572,minecraft:mob_spawner
-575,-41,-563,minecraft:mob_spawner
-822,1,-459,minecraft:mob_spawner
-818,2,-455,minecraft:mob_spawner
0,0,0,<canary_sleeping>
0,0,0,<canary_sleeping>
0,0,0,<canary_sleeping>
0,0,0,<canary_sleeping>
-638,-15,-591,apotheosis:boss_spawner
0,0,0,<canary_sleeping>
-559,-42,-589,quark:monster_box
0,0,0,<canary_sleeping>
0,0,0,<canary_sleeping>
-539,-22,-586,apotheosis:boss_spawner
0,0,0,<canary_sleeping>
-595,80,-591,minecraft:bell
-534,-22,-243,minecraft:campfire
-532,-22,-242,minecraft:blast_furnace
0,0,0,<canary_sleeping>
0,0,0,<canary_sleeping>
0,0,0,<canary_sleeping>
0,0,0,<canary_sleeping>
0,0,0,<canary_sleeping>
0,0,0,<canary_sleeping>
0,0,0,<canary_sleeping>
0,0,0,<canary_sleeping>
0,0,0,<canary_sleeping>
0,0,0,<canary_sleeping>
0,0,0,<canary_sleeping>
0,0,0,<canary_sleeping>
0,0,0,<canary_sleeping>
-687,-52,-614,apotheosis:boss_spawner
0,0,0,<canary_sleeping>
0,0,0,<canary_sleeping>
0,0,0,<canary_sleeping>
0,0,0,<canary_sleeping>
0,0,0,<canary_sleeping>
0,0,0,<canary_sleeping>
0,0,0,<canary_sleeping>
0,0,0,<canary_sleeping>
-730,76,-596,minecraft:beehive
0,0,0,<canary_sleeping>
0,0,0,<canary_sleeping>
0,0,0,<canary_sleeping>
0,0,0,<canary_sleeping>
0,0,0,<canary_sleeping>
0,0,0,<canary_sleeping>
0,0,0,<canary_sleeping>
0,0,0,<canary_sleeping>
0,0,0,<canary_sleeping>
0,0,0,<canary_sleeping>
-713,-39,-655,minecraft:mob_spawner
-615,65,-641,minecraft:furnace
-615,71,-641,minecraft:campfire
-604,73,-646,minecraft:campfire
-604,66,-646,minecraft:furnace
-518,28,-626,minecraft:mob_spawner
-515,-26,-609,minecraft:campfire
-517,-26,-609,minecraft:smoker
-517,-17,-618,quark:monster_box
-509,-4,-594,minecraft:furnace
-509,-4,-596,minecraft:campfire
-672,63,-421,minecraft:furnace
-672,64,-421,minecraft:furnace
-671,63,-422,minecraft:furnace
-671,64,-422,minecraft:furnace
-769,-36,-600,quark:monster_box
-803,-39,-624,quark:monster_box
-810,73,-618,minecraft:chest
-816,-32,-614,minecraft:campfire
-816,-32,-616,minecraft:furnace
-819,73,-600,minecraft:beehive
-768,-18,-640,minecraft:mob_spawner
-662,71,-230,minecraft:chest
-549,-40,-212,quark:monster_box
