x,y,z,visibility,load_status,entity_count
-44,3,5,TICKING,LOADED,1
-44,4,5,TICKING,LOADED,1
-46,0,-28,TICKING,LOADED,1
-46,1,-28,TICKING,LOADED,2
-46,-16,-28,TICKING,LOADED,1
-46,-2,-28,TICKING,LOADED,1
-36,3,8,TICKING,LOADED,1
-46,0,-26,TICKING,LOADED,4
-46,1,-26,TICKING,LOADED,1
-46,-32,-26,TICKING,LOADED,1
-48,4,-19,TRACKED,LOADED,1
-48,-16,-19,TRACKED,LOADED,1
-47,-1,-27,TICKING,LOADED,1
-38,3,9,TRACKED,LOADED,1
-47,5,2,TRACKED,LOADED,1
-52,0,-29,TRACKED,LOADED,1
-51,4,-20,TRACKED,LOADED,2
-51,-32,-20,TRACKED,LOADED,3
-44,0,-30,TICKING,LOADED,6
-50,-16,-21,TRACKED,LOADED,1
-32,2,-8,TICKING,LOADED,1
-42,-32,4,TICKING,LOADED,1
-37,4,-10,TICKING,LOADED,6
-42,-32,5,TICKING,LOADED,4
-37,4,5,TICKING,LOADED,1
-35,4,-10,TICKING,LOADED,1
-46,0,-23,TICKING,LOADED,4
-46,1,-23,TICKING,LOADED,1
-46,2,-23,TICKING,LOADED,4
-34,1,-9,TICKING,LOADED,1
-49,4,-17,TRACKED,LOADED,1
-49,-16,-17,TRACKED,LOADED,1
-27,3,1,TICKING,LOADED,2
-38,-32,-4,TICKING,LOADED,3
-45,0,-31,TICKING,LOADED,1
-39,3,-21,TRACKED,LOADED,1
-49,1,-27,TRACKED,LOADED,2
-49,-32,-27,TRACKED,LOADED,8
-50,0,-26,TRACKED,LOADED,7
-50,1,-26,TRACKED,LOADED,1
-50,2,-26,TRACKED,LOADED,1
-50,4,-26,TRACKED,LOADED,1
-50,-32,-26,TRACKED,LOADED,17
-50,-16,-26,TRACKED,LOADED,1
-42,4,-5,TICKING,LOADED,1
-37,-32,-5,TICKING,LOADED,9
-50,4,-18,TRACKED,LOADED,1
-50,-16,-18,TRACKED,LOADED,1
-40,-3,-27,TICKING,LOADED,1
-37,-2,8,TICKING,LOADED,1
-41,3,-24,TICKING,LOADED,1
-52,0,-23,TRACKED,LOADED,2
-43,-2,-3,TICKING,LOADED,1
-31,3,-4,TICKING,LOADED,1
-37,3,-3,TICKING,LOADED,1
-37,-16,-3,TICKING,LOADED,1
-41,2,-34,TRACKED,LOADED,1
-46,3,7,TRACKED,LOADED,1
-45,-1,-24,TICKING,LOADED,2
-48,4,-28,TRACKED,LOADED,1
-38,4,-29,TICKING,LOADED,2
-37,4,-8,TICKING,LOADED,2
-40,4,-30,TICKING,LOADED,1
-50,0,-23,TRACKED,LOADED,4
-50,1,-23,TRACKED,LOADED,1
-50,4,-23,TRACKED,LOADED,1
-50,-1,-23,TRACKED,LOADED,2
-27,1,-12,TRACKED,LOADED,1
-45,4,-6,TICKING,LOADED,1
-45,5,-6,TICKING,LOADED,1
-40,3,-22,TICKING,LOADED,1
-52,4,-20,TRACKED,LOADED,1
-52,-32,-20,TRACKED,LOADED,1
-38,3,-10,TICKING,LOADED,3
-38,4,-10,TICKING,LOADED,1
-43,4,-22,TICKING,LOADED,1
-44,4,-21,TRACKED,LOADED,2
-42,3,1,TICKING,LOADED,1
-42,-32,1,TICKING,LOADED,6
-48,2,-29,TRACKED,LOADED,1
-48,-7,-29,TRACKED,LOADED,1
-46,4,-6,TRACKED,LOADED,1
-50,0,-25,TRACKED,LOADED,2
-50,-32,-25,TRACKED,LOADED,4
-50,-1,-25,TRACKED,LOADED,1
-30,2,-5,TICKING,LOADED,1
-30,3,-5,TICKING,LOADED,1
-42,3,-27,TICKING,LOADED,1
-42,4,-27,TICKING,LOADED,1
-42,-2,-27,TICKING,LOADED,1
-51,1,-27,TRACKED,LOADED,3
-51,4,-27,TRACKED,LOADED,1
-51,-32,-27,TRACKED,LOADED,2
-36,-16,-4,TICKING,LOADED,1
-47,4,-10,TRACKED,LOADED,4
-32,3,0,TICKING,LOADED,1
-49,0,-24,TRACKED,LOADED,3
-49,1,-24,TRACKED,LOADED,2
-49,4,-24,TRACKED,LOADED,1
-45,0,-30,TICKING,LOADED,2
-45,1,-30,TICKING,LOADED,1
-45,4,-30,TICKING,LOADED,1
-49,4,-19,TRACKED,LOADED,5
-49,-16,-19,TRACKED,LOADED,1
-39,-32,-5,TICKING,LOADED,3
-39,-7,-5,TICKING,LOADED,4
-33,3,-8,TICKING,LOADED,1
-31,0,2,TICKING,LOADED,2
-41,3,-21,TRACKED,LOADED,1
-40,4,-20,TRACKED,LOADED,1
-45,2,8,TICKING,LOADED,1
-47,0,-25,TICKING,LOADED,1
-47,2,-25,TICKING,LOADED,1
-42,4,-22,TICKING,LOADED,3
-52,-1,-26,TRACKED,LOADED,1
-40,3,-4,TICKING,LOADED,1
-40,-7,-4,TICKING,LOADED,1
-43,-1,-4,TICKING,LOADED,1
-36,4,-1,TICKING,LOADED,24043
-36,10,-1,TICKING,LOADED,3
-36,-16,-1,TICKING,LOADED,1
-33,4,-10,TICKING,LOADED,1
-38,4,-8,TICKING,LOADED,3
-49,4,-29,TRACKED,LOADED,1
-45,3,-27,TICKING,LOADED,3
-51,0,-23,TRACKED,LOADED,2
-51,4,-23,TRACKED,LOADED,1
-43,-32,1,TICKING,LOADED,1
-33,4,3,TICKING,LOADED,1
-44,4,-31,TICKING,LOADED,2
-44,-4,-3,TICKING,LOADED,2
-45,4,-8,TICKING,LOADED,2
-39,3,-25,TICKING,LOADED,2
-40,-1,-23,TICKING,LOADED,2
-37,4,-23,TICKING,LOADED,1
-47,0,-23,TICKING,LOADED,2
-47,1,-23,TICKING,LOADED,2
-47,4,-23,TICKING,LOADED,1
-47,-1,-23,TICKING,LOADED,1
-44,4,4,TICKING,LOADED,1
-47,4,-28,TICKING,LOADED,1
-36,4,-10,TICKING,LOADED,4
-50,4,-19,TRACKED,LOADED,1
-49,3,-26,TRACKED,LOADED,1
-49,4,-26,TRACKED,LOADED,1
-49,-32,-26,TRACKED,LOADED,22
-47,4,-2,TRACKED,LOADED,1
-44,1,-28,TICKING,LOADED,14
-44,2,-28,TICKING,LOADED,2
-44,3,-28,TICKING,LOADED,1
-44,-1,-28,TICKING,LOADED,2
-25,-1,7,TRACKED,LOADED,2
-36,4,-33,TRACKED,LOADED,5
-37,-32,-4,TICKING,LOADED,5
-33,2,5,TICKING,LOADED,3
-40,-3,-26,TICKING,LOADED,1
-42,0,-4,TICKING,LOADED,1
-42,-1,-4,TICKING,LOADED,1
-39,4,5,TICKING,LOADED,1
-46,4,-29,TICKING,LOADED,3
-46,3,-25,TICKING,LOADED,1
-46,-32,-25,TICKING,LOADED,24
-44,0,-23,TICKING,LOADED,1
-44,1,-23,TICKING,LOADED,1
-41,3,-27,TICKING,LOADED,3
-41,-2,-27,TICKING,LOADED,1
-36,4,5,TICKING,LOADED,3
-39,3,-3,TICKING,LOADED,1
-46,4,-9,TRACKED,LOADED,1
-49,0,-21,TRACKED,LOADED,1
-28,3,1,TICKING,LOADED,71
-31,3,-7,TICKING,LOADED,18
-31,3,-2,TICKING,LOADED,1
-51,4,-17,TRACKED,LOADED,2
-43,0,-29,TICKING,LOADED,2
-43,1,-29,TICKING,LOADED,3
-41,4,-31,TICKING,LOADED,1
-48,-1,-27,TRACKED,LOADED,1
-40,1,-3,TICKING,LOADED,1
-40,2,-3,TICKING,LOADED,1
-39,4,2,TICKING,LOADED,2
-47,1,-22,TICKING,LOADED,1
-44,-1,10,TRACKED,LOADED,9
-42,1,-23,TICKING,LOADED,1
-42,3,-23,TICKING,LOADED,1
-40,4,-31,TICKING,LOADED,1
-38,4,1,TICKING,LOADED,1
-45,1,-23,TICKING,LOADED,1
-37,0,-9,TICKING,LOADED,1
-37,4,-9,TICKING,LOADED,1
-51,4,-19,TRACKED,LOADED,2
-51,-32,-19,TRACKED,LOADED,1
-51,-16,-19,TRACKED,LOADED,1
-45,4,-12,TRACKED,LOADED,3
-44,0,-29,TICKING,LOADED,3
-44,1,-29,TICKING,LOADED,1
-44,3,-29,TICKING,LOADED,1
-44,4,-29,TICKING,LOADED,1
-32,-3,-7,TICKING,LOADED,1
-32,3,3,TICKING,LOADED,2
-42,0,-29,TICKING,LOADED,2
-42,3,-29,TICKING,LOADED,1
-37,3,-24,TICKING,LOADED,4
-30,3,-7,TICKING,LOADED,7
-52,4,-19,TRACKED,LOADED,3
-41,-32,2,TICKING,LOADED,1
-35,4,1,TICKING,LOADED,1
-51,4,-21,TRACKED,LOADED,2
-51,-32,-21,TRACKED,LOADED,1
-46,3,-22,TICKING,LOADED,1
-33,1,7,TICKING,LOADED,1
-38,-1,-28,TICKING,LOADED,1
-39,-7,-4,TICKING,LOADED,1
-44,-1,-32,TICKING,LOADED,1
-35,4,6,TICKING,LOADED,1
-37,3,-27,TICKING,LOADED,1
-50,0,-27,TRACKED,LOADED,1
-50,1,-27,TRACKED,LOADED,2
-50,-32,-27,TRACKED,LOADED,12
-50,-1,-27,TRACKED,LOADED,1
-32,4,-2,TICKING,LOADED,2
-38,-32,-5,TICKING,LOADED,2
-32,1,6,TICKING,LOADED,15
-48,0,-24,TRACKED,LOADED,4
-48,1,-24,TRACKED,LOADED,1
-48,-16,-24,TRACKED,LOADED,3
-49,1,-25,TRACKED,LOADED,1
-49,3,-25,TRACKED,LOADED,1
-49,4,-25,TRACKED,LOADED,1
-49,-32,-25,TRACKED,LOADED,3
-49,-7,-25,TRACKED,LOADED,1
-49,-1,-25,TRACKED,LOADED,2
-33,4,-2,TICKING,LOADED,1
-42,4,3,TICKING,LOADED,1
-42,-32,3,TICKING,LOADED,6
-47,0,-6,TRACKED,LOADED,4
-36,3,7,TICKING,LOADED,1
-43,4,2,TICKING,LOADED,2
-43,-32,2,TICKING,LOADED,2
-39,-1,-26,TICKING,LOADED,1
-35,4,-21,TRACKED,LOADED,1
-50,4,-22,TRACKED,LOADED,1
-34,3,5,TICKING,LOADED,1
-45,-2,-33,TRACKED,LOADED,1
-40,4,2,TICKING,LOADED,1
-35,3,-32,TRACKED,LOADED,1
-46,3,6,TRACKED,LOADED,1
-45,-32,-25,TICKING,LOADED,2
-45,-1,-25,TICKING,LOADED,2
-37,4,-11,TRACKED,LOADED,2
-46,0,-32,TICKING,LOADED,1
-42,-32,6,TICKING,LOADED,2
-40,-7,-5,TICKING,LOADED,1
-42,0,-3,TICKING,LOADED,1
-42,1,-3,TICKING,LOADED,1
-42,-3,-3,TICKING,LOADED,1
-34,3,-8,TICKING,LOADED,1
-36,4,4,TICKING,LOADED,1
-39,4,-29,TICKING,LOADED,2
-31,3,-6,TICKING,LOADED,1
-41,4,-23,TICKING,LOADED,1
-52,-1,-27,TRACKED,LOADED,2
-43,1,-28,TICKING,LOADED,22
-43,3,-28,TICKING,LOADED,4
-43,-2,-28,TICKING,LOADED,4
-38,3,-27,TICKING,LOADED,1
-38,-1,-27,TICKING,LOADED,1
-46,4,-30,TICKING,LOADED,1
-49,4,-20,TRACKED,LOADED,2
-32,3,-4,TICKING,LOADED,2
-37,4,-21,TRACKED,LOADED,2
-48,4,-18,TRACKED,LOADED,4
-42,0,-8,TICKING,LOADED,2
-47,0,4,TRACKED,LOADED,1
-53,4,-19,TRACKED,LOADED,3
-47,0,-24,TICKING,LOADED,2
-47,2,-24,TICKING,LOADED,1
-47,4,-24,TICKING,LOADED,2
-47,-16,-24,TICKING,LOADED,1
-41,-32,3,TICKING,LOADED,1
-44,3,6,TICKING,LOADED,1
-44,4,6,TICKING,LOADED,1
-37,3,-22,TICKING,LOADED,2
-48,1,-26,TRACKED,LOADED,1
-48,2,-26,TRACKED,LOADED,1
-48,-32,-26,TRACKED,LOADED,2
-48,-16,-26,TRACKED,LOADED,1
-48,-1,-26,TRACKED,LOADED,1
-37,3,-2,TICKING,LOADED,1
-41,3,-26,TICKING,LOADED,1
-43,-1,10,TRACKED,LOADED,13
-25,1,-4,TRACKED,LOADED,2
-42,3,2,TICKING,LOADED,1
-42,-32,2,TICKING,LOADED,1
-35,4,2,TICKING,LOADED,1
-36,3,1,TICKING,LOADED,2
-36,4,1,TICKING,LOADED,1
-46,1,-27,TICKING,LOADED,3
-46,2,-27,TICKING,LOADED,1
-42,3,-26,TICKING,LOADED,1
-42,-32,-26,TICKING,LOADED,2
-42,-25,-26,TICKING,LOADED,3
-42,-7,-26,TICKING,LOADED,1
-32,2,5,TICKING,LOADED,1
-40,-4,-28,TICKING,LOADED,1
-44,-3,-7,TICKING,LOADED,1
-44,2,-27,TICKING,LOADED,2
-44,6,-27,TICKING,LOADED,1
-43,0,-30,TICKING,LOADED,1
-48,0,-21,TRACKED,LOADED,1
-46,4,5,TRACKED,LOADED,1
-35,4,-30,TRACKED,LOADED,5
-45,0,-32,TICKING,LOADED,1
-45,4,-32,TICKING,LOADED,1
-46,4,-8,TRACKED,LOADED,1
-48,0,-23,TRACKED,LOADED,2
-48,4,-23,TRACKED,LOADED,2
-48,-1,-23,TRACKED,LOADED,2
-42,2,-1,TICKING,LOADED,1
-42,-32,-1,TICKING,LOADED,1
-43,-32,5,TICKING,LOADED,5
-46,1,-24,TICKING,LOADED,1
-46,-32,-24,TICKING,LOADED,2
-31,1,-12,TRACKED,LOADED,1
-38,4,3,TICKING,LOADED,1
-45,4,-22,TICKING,LOADED,1
-32,0,2,TICKING,LOADED,24
-35,4,-23,TRACKED,LOADED,1
-40,4,1,TICKING,LOADED,3
-44,4,-12,TRACKED,LOADED,1
-41,3,-22,TICKING,LOADED,4
-41,4,-22,TICKING,LOADED,2
-33,3,4,TICKING,LOADED,2
-30,2,-6,TICKING,LOADED,2
-30,3,-6,TICKING,LOADED,6
-47,2,-31,TICKING,LOADED,1
-47,0,-26,TICKING,LOADED,1
-47,1,-26,TICKING,LOADED,1
-47,2,-26,TICKING,LOADED,1
-46,0,-33,TRACKED,LOADED,1
-36,4,-5,TICKING,LOADED,1
-37,-1,-28,TICKING,LOADED,1
-32,3,-1,TICKING,LOADED,2
-50,0,-24,TRACKED,LOADED,3
-50,1,-24,TRACKED,LOADED,1
-50,-32,-24,TRACKED,LOADED,1
-49,0,-23,TRACKED,LOADED,2
-49,4,-23,TRACKED,LOADED,1
-49,-1,-23,TRACKED,LOADED,1
-37,4,-25,TICKING,LOADED,1
-36,3,-24,TRACKED,LOADED,2
-39,-1,-27,TICKING,LOADED,2
-45,-1,-26,TICKING,LOADED,1
-38,4,-2,TICKING,LOADED,1
-52,-32,-24,TRACKED,LOADED,9
-52,-1,-24,TRACKED,LOADED,1
-33,3,-4,TICKING,LOADED,1
-48,4,-31,TRACKED,LOADED,1
-33,4,1,TICKING,LOADED,1
-50,4,-20,TRACKED,LOADED,2
-50,-32,-20,TRACKED,LOADED,1
