{"stats":{"minecraft:broken":{"minecraft:iron_shovel":1,"minecraft:iron_pickaxe":3},"minecraft:killed_by":{"minecraft:wither_skeleton":2,"minecraft:creeper":1,"minecraft:spider":1,"hmag:creeper_girl":1,"minecraft:skeleton":1,"minecraft:zombie":2},"minecraft:custom":{"minecraft:interact_with_smithing_table":4,"lootr:looted_stat":15,"minecraft:mob_kills":41,"minecraft:interact_with_crafting_table":57,"minecraft:bell_ring":1,"minecraft:damage_dealt_resisted":86,"minecraft:leave_game":3,"minecraft:time_since_death":110339,"minecraft:climb_one_cm":539,"minecraft:damage_resisted":0,"minecraft:sprint_one_cm":342665,"minecraft:walk_one_cm":302520,"minecraft:drop":14,"minecraft:damage_dealt_absorbed":120,"minecraft:talked_to_villager":3,"minecraft:play_time":172753,"minecraft:deaths":9,"minecraft:sneak_time":6695,"minecraft:walk_under_water_one_cm":6266,"minecraft:jump":2667,"minecraft:walk_on_water_one_cm":10970,"minecraft:enchant_item":2,"minecraft:total_world_time":172753,"minecraft:interact_with_furnace":51,"tombstone:raider_killed":2,"minecraft:sleep_in_bed":2,"minecraft:time_since_rest":19771,"minecraft:waystone_activated":2,"minecraft:damage_taken":1006967,"minecraft:damage_absorbed":546,"minecraft:damage_dealt":8633,"minecraft:swim_one_cm":25303,"minecraft:fly_one_cm":602039,"minecraft:open_chest":71,"minecraft:crouch_one_cm":61379,"tombstone:undead_killed":34,"minecraft:fall_one_cm":70652},"minecraft:used":{"minecraft:stone_sword":35,"minecraft:iron_shovel":331,"minecraft:iron_sword":181,"butchersdelight:hook":1,"minecraft:rotten_flesh":3,"minecraft:torch":9,"minecraft:dirt":769,"minecraft:carrot":24,"alexsmobs:maggot":2,"butchersdelight:cleaver":1,"minecraft:grass_block":3,"minecraft:oak_stairs":4,"minecraft:golden_carrot":29,"minecraft:oak_sapling":2,"minecraft:furnace":3,"tombstone:gift":4,"minecraft:diorite":11,"minecraft:oak_planks":5,"minecraft:stone_pickaxe":62,"minecraft:wooden_pickaxe":3,"minecraft:spruce_sign":3,"minecraft:golden_apple":4,"minecraft:crafting_table":9,"minecraft:red_bed":4,"waystones:waystone":1,"minecraft:bread":26,"minecraft:iron_pickaxe":1351,"farmersdelight:ham":1,"minecraft:stone_axe":41,"minecraft:cobblestone":182,"minecraft:potion":1,"minecraft:cooked_porkchop":8,"minecraft:smithing_table":1,"quark:oak_chest":10,"minecraft:splash_potion":2},"minecraft:killed":{"minecraft:zombified_piglin":1,"minecraft:witch":1,"hmag:skeleton_girl":2,"minecraft:phantom":1,"minecraft:skeleton":12,"alexsmobs:leafcutter_ant":3,"minecraft:creeper":1,"minecraft:zombie":16,"alexsmobs:fly":1,"minecraft:wither_skeleton":2},"minecraft:dropped":{"minecraft:wheat_seeds":1,"minecraft:cooked_porkchop":2,"minecraft:dirt":206,"minecraft:potion":1,"minecraft:rotten_flesh":2,"minecraft:chainmail_chestplate":1,"mysticalagriculture:inferium_essence":4,"easy_villagers:villager":1,"minecraft:raw_gold":4},"minecraft:picked_up":{"minecraft:coarse_dirt":3,"minecraft:crafting_table":7,"minecraft:wheat":1,"minecraft:oak_stairs":7,"minecraft:red_bed":4,"butchersdelight:dead_cow":3,"quark:music_disc_ocean":1,"mysticalagriculture:inferium_essence":16,"minecraft:spruce_planks":18,"minecraft:spruce_trapdoor":3,"minecraft:furnace":2,"minecraft:raw_iron":17,"minecraft:stick":5,"apotheosis:gem":1,"quark:green_corundum_cluster":1,"minecraft:torch":4,"minecraft:spruce_stairs":2,"minecraft:porkchop":8,"tombstone:grave_dust":3,"minecraft:diorite":27,"minecraft:carrot":34,"minecraft:dark_oak_planks":1,"minecraft:arrow":9,"minecraft:rotten_flesh":16,"minecraft:bone_block":1,"minecraft:cobblestone":532,"minecraft:andesite":14,"mekanismtools:lapis_lazuli_helmet":1,"butchersdelight:deadpig":2,"minecraft:oak_log":7,"minecraft:chainmail_chestplate":1,"minecraft:ancient_debris":128,"minecraft:gunpowder":5,"minecraft:paper":2,"minecraft:dirt":995,"minecraft:bone":15,"minecraft:bow":1,"minecraft:wheat_seeds":2,"minecraft:raw_gold":533,"minecraft:glass_bottle":2,"minecraft:oak_planks":85,"minecraft:dark_oak_stairs":1,"minecraft:book":18,"quark:red_corundum_cluster":6,"minecraft:cooked_porkchop":2,"minecraft:stripped_acacia_wood":1,"mekanismtools:lapis_lazuli_boots":1,"sophisticatedbackpacks:iron_backpack":1,"minecraft:grass_block":3,"farmersdelight:ham":2,"quark:red_corundum":2,"biomesoplenty:mahogany_log":19,"minecraft:diamond":768,"waystones:waystone":1,"minecraft:granite":1,"minecraft:spruce_sign":2,"alexsmobs:maggot":4,"minecraft:oak_sapling":2,"minecraft:netherrack":6,"minecraft:coal":50},"minecraft:crafted":{"minecraft:golden_carrot":4,"minecraft:oak_planks":13,"minecraft:iron_nugget":9,"minecraft:furnace":2,"minecraft:bone_meal":1,"minecraft:netherite_leggings":1,"minecraft:diamond_helmet":1,"minecraft:diamond_leggings":1,"minecraft:iron_boots":1,"minecraft:netherite_boots":1,"minecraft:stone_pickaxe":1,"minecraft:netherite_helmet":1,"minecraft:diamond_boots":1,"minecraft:netherite_scrap":23,"minecraft:cooked_porkchop":8,"minecraft:spruce_sign":1,"butchersdelight:hook":1,"minecraft:crafting_table":2,"minecraft:wooden_pickaxe":1,"minecraft:iron_sword":1,"minecraft:smithing_table":1,"butchersdelight:cleaver":1,"minecraft:stone_axe":1,"minecraft:air":198,"minecraft:gold_nugget":7,"minecraft:stick":10,"quark:oak_chest":10,"minecraft:iron_ingot":17,"minecraft:iron_pickaxe":4,"minecraft:oak_stairs":1,"minecraft:stone_sword":1,"minecraft:iron_shovel":2,"minecraft:gold_ingot":39,"minecraft:netherite_ingot":6,"minecraft:torch":11},"minecraft:mined":{"quark:red_corundum":2,"biomesoplenty:desert_grass":2,"minecraft:granite":1,"minecraft:grass_block":525,"quark:green_corundum_cluster":1,"mysticalagriculture:inferium_ore":2,"minecraft:spawner":1,"minecraft:furnace":2,"minecraft:iron_ore":18,"minecraft:cobbled_deepslate":1,"minecraft:andesite":15,"minecraft:bookshelf":6,"torchmaster:invisible_light":6,"minecraft:dirt_path":3,"biomesoplenty:mahogany_leaves":2,"minecraft:oak_stairs":3,"minecraft:stone":385,"quark:red_corundum_cluster":2,"minecraft:podzol":4,"minecraft:red_bed":2,"minecraft:crafting_table":7,"minecraft:torch":1,"minecraft:spruce_wall_sign":1,"minecraft:tall_grass":3,"minecraft:cobblestone":37,"minecraft:oak_planks":3,"minecraft:diorite":2,"minecraft:spruce_sign":1,"biomesoplenty:goldenrod":1,"minecraft:coarse_dirt":2,"biomesoplenty:mahogany_log":20,"minecraft:grass":5,"minecraft:coal_ore":9,"minecraft:oak_log":11,"minecraft:dirt":123,"minecraft:oak_leaves":5}},"DataVersion":3120}