{"stats":{"minecraft:killed_by":{"minecraft:creeper":7,"hmag:zombie_girl":1,"hmag:creeper_girl":2,"mutantmonsters:mutant_creeper":1,"cataclysm:deepling":1,"cataclysm:deepling_brute":2,"mutantmonsters:creeper_minion":1,"minecraft:zombie":6,"aqcaracal:caracal":1,"alexsmobs:grizzly_bear":2,"hmag:kobold":1,"hmag:kasha":1,"creeperoverhaul:jungle_creeper":1,"hmag:melty_monster":1,"quark:foxhound":1,"minecraft:player":1,"minecraft:spider":3,"dragonmod:fairydragon_5":1,"mutantmonsters:mutant_skeleton":5,"minecraft:skeleton":7,"hmag:skeleton_girl":1,"mowziesmobs:umvuthana_raptor":1,"hmag:crimson_slaughterer":1,"hmag:cursed_doll":2},"minecraft:dropped":{"minecraft:lapis_lazuli":6,"minecraft:soul_sand":7,"minecraft:brown_mushroom":3,"minecraft:diamond_axe":1,"minecraft:baked_potato":3,"minecraft:glass_bottle":2,"minecraft:weeping_vines":1,"biomesoplenty:mahogany_planks":1,"minecraft:leather":4,"minecraft:cracked_stone_bricks":2,"minecraft:emerald":4,"minecraft:cod":1,"minecraft:cobblestone_stairs":3,"minecraft:spruce_leaves":1,"mysticalagriculture:awakened_draconium_seeds":4,"minecraft:dirt":1,"immersive_aircraft:gyrodyne":1,"dragonmod:scarletleaves":1,"minecraft:dark_oak_fence":4,"minecraft:mutton":11,"minecraft:crimson_roots":1,"farmersdelight:onion":19,"minecraft:gold_nugget":1,"minecraft:phantom_membrane":4,"minecraft:bone_block":12,"minecraft:sand":34,"alexsmobs:tendon_whip":1,"minecraft:iron_pickaxe":1,"minecraft:white_wool":1,"minecraft:cauldron":1,"minecraft:gold_ingot":2,"quark:black_shard":5,"minecraft:oak_door":4,"minecraft:compass":1,"alexsmobs:gazelle_horn":4,"minecraft:iron_nugget":3,"minecraft:rotten_flesh":49,"minecraft:oak_planks":1,"dragonmod:rubyore":54,"mekanism:raw_tin":3,"mysticalagriculture:wood_seeds":6,"minecraft:poppy":1,"minecraft:gunpowder":8,"mysticalagriculture:inferium_essence":98,"apotheosis:gem":3,"minecraft:ladder":4,"minecraft:chest":1,"minecraft:iron_bars":2,"minecraft:scaffolding":1,"minecraft:stone_brick_stairs":4,"minecraft:netherrack":6,"minecraft:egg":1,"dragonmod:scarletbamboo":10,"minecraft:wheat_seeds":10,"butchersdelight:sheephide":2,"minecraft:deepslate_brick_wall":1,"minecraft:lead":5,"minecraft:cobblestone":59,"minecraft:granite":3,"minecraft:spruce_door":3,"mysticalagriculture:soulium_dust":4,"minecraft:golden_apple":1,"minecraft:coal":8,"mysticalagriculture:osmium_seeds":4,"minecraft:gray_wool":1,"farmersdelight:golden_knife":1,"biomesoplenty:goldenrod":2,"tombstone:magic_scroll":3,"minecraft:wooden_hoe":1,"hmag:copper_nugget":4,"minecraft:rose_bush":4,"minecraft:brown_wool":1,"tombstone:grave_dust":7,"farmersdelight:bacon":4,"mysticalagriculture:prosperity_shard":26,"potionsmaster:bezoar":5,"mysticalagriculture:nether_quartz_seeds":2,"minecraft:string":20,"nzgmaddon:pump_shotgun":1,"minecraft:dandelion":3,"minecraft:moss_carpet":7,"hmag:soul_powder":1,"alexsmobs:maggot":2,"artifacts:kitty_slippers":1,"minecraft:raw_copper":21,"minecraft:raw_iron":4,"farmersdelight:cabbage_seeds":9,"minecraft:name_tag":1,"minecraft:diamond_sword":1,"minecraft:deepslate_bricks":3,"minecraft:big_dripleaf":1,"monsters_and_girls:tiny_bed":1,"alexsmobs:cockroach_wing_fragment":2,"dragonmod:scarletbulb":4,"minecraft:peony":1,"minecraft:spruce_trapdoor":2,"minecraft:andesite":4,"minecraft:oak_sapling":11,"minecraft:stone_bricks":1,"minecraft:spider_eye":5,"minecraft:sandstone":2,"mysticalagriculture:diamond_seeds":2,"minecraft:black_wool":3,"hmag:exp_berry":5},"minecraft:custom":{"lootr:looted_stat":91,"minecraft:interact_with_crafting_table":83,"minecraft:open_barrel":3,"minecraft:bell_ring":4,"minecraft:leave_game":6,"minecraft:time_since_death":35644,"minecraft:damage_resisted":0,"minecraft:sprint_one_cm":1945672,"minecraft:damage_blocked_by_shield":5340,"minecraft:drop":209,"minecraft:talked_to_villager":17,"minecraft:play_time":755548,"minecraft:deaths":58,"minecraft:jump":11191,"minecraft:walk_on_water_one_cm":165837,"minecraft:interact_with_furnace":81,"minecraft:traded_with_villager":3,"minecraft:interact_with_loom":3,"minecraft:sleep_in_bed":2,"minecraft:waystone_activated":2,"tombstone:sneak_grave":4,"minecraft:damage_dealt":47406,"minecraft:player_kills":1,"minecraft:crouch_one_cm":64966,"tombstone:undead_killed":119,"tombstone:villager_killed":1,"minecraft:interact_with_smithing_table":10,"minecraft:interact_with_anvil":9,"minecraft:mob_kills":312,"minecraft:damage_dealt_resisted":203,"minecraft:climb_one_cm":26109,"minecraft:walk_one_cm":1747073,"minecraft:damage_dealt_absorbed":97,"minecraft:sneak_time":25726,"minecraft:walk_under_water_one_cm":278256,"minecraft:boat_one_cm":11039,"minecraft:total_world_time":755548,"tombstone:raider_killed":1,"minecraft:time_since_rest":35423,"minecraft:damage_taken":27982,"minecraft:damage_absorbed":459,"minecraft:swim_one_cm":464491,"minecraft:fly_one_cm":1840283,"minecraft:open_chest":531,"minecraft:fish_caught":2,"minecraft:fall_one_cm":218378},"minecraft:used":{"alexsmobs:emu_egg":3,"minecraft:iron_shovel":241,"minecraft:ladder":12,"minecraft:diamond_hoe":24,"minecraft:oak_sign":3,"aquaculture:brown_trout":1,"minecraft:chest":2,"minecraft:shield":138,"minecraft:stone":5,"minecraft:rotten_flesh":5,"minecraft:soul_sand":1,"minecraft:mutton":4,"minecraft:carrot":171,"minecraft:big_dripleaf":2,"minecraft:spruce_boat":8,"minecraft:lantern":2,"minecraft:quartz_block":28,"minecraft:stone_brick_stairs":4,"minecraft:stone_bricks":79,"minecraft:netherite_boots":1,"minecraft:bow":4,"minecraft:magma_block":2,"mutantmonsters:hulk_hammer":1,"minecraft:furnace":16,"dragonmod:scarletbulb":1,"minecraft:deepslate_brick_wall":1,"minecraft:dark_oak_stairs":1,"minecraft:diamond_boots":1,"minecraft:spruce_door":1,"minecraft:diorite":7,"psychadelic:dm_tpipe":1,"minecraft:damaged_anvil":1,"minecraft:stone_pickaxe":421,"minecraft:oak_planks":73,"minecraft:wooden_pickaxe":51,"minecraft:diamond_axe":172,"minecraft:golden_apple":2,"minecraft:sand":30,"minecraft:netherite_leggings":1,"minecraft:loom":1,"minecraft:netherite_helmet":1,"minecraft:crossbow":20,"easy_villagers:villager":5,"sophisticatedbackpacks:backpack":11,"minecraft:bread":51,"tombstone:grave_key":53,"minecraft:gravel":2,"farmersdelight:ham":8,"minecraft:diamond_sword":544,"minecraft:wooden_sword":60,"minecraft:smithing_table":2,"minecraft:andesite":4,"minecraft:oak_boat":7,"aquaculture:perch":1,"minecraft:bone_meal":192,"minecraft:oak_fence":1,"minecraft:oak_trapdoor":4,"biomesoplenty:mahogany_planks":72,"minecraft:trident":114,"minecraft:netherite_sword":479,"minecraft:iron_bars":10,"minecraft:spruce_planks":3,"potionsmaster:bezoar":2,"minecraft:wooden_shovel":7,"minecraft:cooked_chicken":1,"minecraft:netherrack":23,"minecraft:oak_door":5,"minecraft:torch":181,"minecraft:dirt":684,"minecraft:anvil":1,"farmersdelight:flint_knife":10,"minecraft:chainmail_chestplate":1,"minecraft:diamond_helmet":1,"minecraft:granite":11,"minecraft:iron_hoe":74,"quark:spruce_chest":5,"minecraft:oak_stairs":1,"aquaculture:catfish":1,"minecraft:diamond_chestplate":1,"minecraft:beef":2,"tombstone:gift":7,"farmersdelight:tomato_seeds":8,"minecraft:cooked_beef":10,"minecraft:acacia_planks":8,"minecraft:cobbled_deepslate":2,"minecraft:wheat_seeds":30,"minecraft:water_bucket":28,"minecraft:bundle":4,"minecraft:netherite_chestplate":1,"minecraft:cauldron":1,"minecraft:spruce_sign":4,"minecraft:cracked_stone_bricks":10,"minecraft:mossy_cobblestone":5,"farmersdelight:onion":2,"minecraft:crafting_table":14,"minecraft:red_bed":1,"minecraft:cod":10,"minecraft:dark_oak_door":2,"minecraft:oak_log":2,"tombstone:bag_of_seeds":2,"minecraft:wooden_hoe":4,"minecraft:diamond_pickaxe":1568,"minecraft:apple":3,"aquaculture:carp":1,"minecraft:iron_pickaxe":56,"tombstone:magic_scroll":6,"minecraft:stone_axe":67,"alexsmobs:tendon_whip":19,"minecraft:fishing_rod":4,"minecraft:cobblestone":177,"minecraft:potion":2,"minecraft:porkchop":21,"minecraft:bucket":28,"hmag:iron_spear":1,"quark:oak_chest":18,"alexsmobs:animal_dictionary":8,"minecraft:diamond_leggings":1,"nzgmaddon:pump_shotgun":130},"minecraft:picked_up":{"minecraft:wheat":69,"minecraft:chainmail_boots":1,"aquaculture:catfish":1,"alexsmobs:emu_leggings":1,"minecraft:smithing_table":1,"minecraft:lead":21,"minecraft:diamond_sword":1,"dragonmod:rubyore":157,"minecraft:potion":1,"minecraft:stone_brick_stairs":2,"alexsmobs:gazelle_horn":9,"minecraft:raw_copper":48,"minecraft:string":63,"minecraft:iron_leggings":1,"mysticalagriculture:awakened_draconium_seeds":4,"alexsmobs:banana":1,"mysticalagriculture:inferium_essence":172,"minecraft:gold_nugget":390,"minecraft:cobbled_deepslate":2,"minecraft:spruce_planks":32,"minecraft:rose_bush":13,"quark:black_shard":2,"minecraft:iron_pickaxe":1,"alexsmobs:raccoon_tail":2,"minecraft:melon_slice":34,"minecraft:iron_boots":2,"minecraft:furnace":5,"minecraft:dark_oak_door":2,"minecraft:stick":40,"apotheosis:gem":10,"minecraft:deepslate_brick_wall":2,"minecraft:big_dripleaf":3,"minecraft:acacia_log":2,"minecraft:torch":57,"potionsmaster:bezoar":8,"mysticalagriculture:prosperity_shard":93,"minecraft:porkchop":17,"tombstone:grave_dust":17,"minecraft:diorite":27,"alexsmobs:tendon_whip":2,"mekanism:raw_tin":24,"minecraft:cauldron":1,"mutantmonsters:hulk_hammer":1,"easy_villagers:villager":1,"minecraft:quartz_block":2,"minecraft:rotten_flesh":128,"farmersdelight:onion":18,"alexsmobs:emu_egg":3,"minecraft:iron_bars":2,"minecraft:cod":1,"minecraft:cobblestone":631,"minecraft:magma_block":11,"hmag:copper_nugget":6,"minecraft:feather":20,"minecraft:andesite":8,"mekanismtools:lapis_lazuli_helmet":1,"minecraft:brown_wool":1,"farmersdelight:bacon":4,"minecraft:flint":2,"butchersdelight:deadpig":10,"minecraft:lapis_lazuli":119,"minecraft:dirt":552,"minecraft:lantern":2,"minecraft:name_tag":1,"hmag:evil_crystal_fragment":4,"minecraft:bone":71,"minecraft:bow":4,"minecraft:stonecutter":1,"minecraft:wheat_seeds":236,"minecraft:raw_gold":64,"mysticalagriculture:soulium_dust":9,"minecraft:bamboo":4,"minecraft:moss_block":1,"minecraft:oak_planks":116,"biomesoplenty:mahogany_planks":9,"dragonmod:scarletbamboo":115,"psychadelic:pipe":1,"patchouli:guide_book":1,"hmag:soul_powder":10,"alexsmobs:shark_tooth":2,"butchersdelight:cow_hide":3,"minecraft:sand":71,"minecraft:ink_sac":1,"minecraft:loom":1,"farmersdelight:ham":10,"minecraft:dark_oak_log":2,"alexsmobs:animal_dictionary":2,"minecraft:mossy_cobblestone":14,"dragonmod:scarletbulb":5,"cgm:shell":232,"minecraft:bundle":1,"minecraft:diamond":133,"minecraft:spruce_boat":8,"minecraft:crossbow":1,"minecraft:granite":14,"minecraft:golden_apple":1,"butchersdelight:deadllama":4,"minecraft:emerald":7,"alexsmobs:maggot":7,"minecraft:oak_sapling":23,"minecraft:netherrack":565,"minecraft:dark_oak_fence":4,"minecraft:crimson_roots":1,"minecraft:crafting_table":7,"mysticalagriculture:soulstone_cobble":13,"minecraft:chicken":1,"minecraft:ladder":12,"minecraft:brown_mushroom":4,"minecraft:moss_carpet":7,"minecraft:oak_trapdoor":4,"minecraft:red_bed":1,"monsters_and_girls:tiny_bed":1,"minecraft:netherite_scrap":30,"nzgmaddon:pump_shotgun":2,"epicsamurai:jade":1,"butchersdelight:dead_cow":3,"minecraft:cracked_stone_bricks":13,"quark:spruce_chest":2,"minecraft:beef":6,"minecraft:oak_boat":5,"minecraft:observer":1,"minecraft:iron_nugget":4,"minecraft:poppy":1,"minecraft:chest":2,"farmersdelight:golden_knife":1,"minecraft:spruce_trapdoor":2,"minecraft:phantom_membrane":22,"minecraft:egg":1,"minecraft:raw_iron":20,"minecraft:sandstone":5,"mg_secrets_of_mermaids:of_mermaids_and_other_sea_monsters":1,"psychadelic:dm_tpipe":1,"sophisticatedbackpacks:backpack":10,"aquaculture:perch":1,"monsters_and_girls:monsters_and_girls_changelog":1,"minecraft:trident":1,"minecraft:carrot":256,"monsters_and_girls:ink_cap_mushroom":1,"crafting_on_a_stick:crafting_table":1,"butchersdelight:deadsheep":11,"minecraft:arrow":81,"minecraft:weeping_vines":1,"minecraft:peony":1,"aquaculture:brown_trout":1,"minecraft:deepslate_bricks":4,"minecraft:hay_block":4,"mekanismtools:lapis_lazuli_leggings":1,"mysticalagriculture:diamond_seeds":2,"mysticalagriculture:nether_quartz_seeds":2,"aquaculture:carp":1,"minecraft:gold_ingot":2,"minecraft:mutton":34,"minecraft:bone_block":12,"minecraft:white_wool":7,"minecraft:oxeye_daisy":2,"mowziesmobs:umvuthana_mask_fury":2,"biomesoplenty:goldenrod":22,"minecraft:leather":7,"minecraft:crimson_fungus":1,"minecraft:oak_log":79,"minecraft:gunpowder":19,"minecraft:cobblestone_stairs":5,"immersive_aircraft:gyrodyne":1,"alexsmobs:mosquito_proboscis":1,"butchersdelight:deadchiken":1,"mysticalagriculture:osmium_seeds":4,"minecraft:stone_bricks":14,"mowziesmobs:foliaath_seed":2,"alexsmobs:cockroach_wing_fragment":2,"minecraft:iron_ingot":91,"minecraft:cobweb":1,"tombstone:bag_of_seeds":2,"aquaculture:minnow":2,"minecraft:glass_bottle":1,"mowziesmobs:umvuthana_mask_misery":2,"minecraft:soul_sand":8,"minecraft:dark_oak_stairs":1,"minecraft:scaffolding":1,"minecraft:quartz":167,"minecraft:dandelion":3,"minecraft:gravel":22,"hmag:iron_spear":1,"mysticalagriculture:wood_seeds":6,"quark:oak_chest":2,"minecraft:spider_eye":9,"minecraft:spruce_door":3,"minecraft:leather_helmet":1,"biomesoplenty:mahogany_log":19,"butchersdelight:sheephide":7,"minecraft:chainmail_leggings":2,"minecraft:diamond_axe":1,"hmag:lemon":1,"minecraft:baked_potato":3,"minecraft:gray_wool":1,"minecraft:black_wool":4,"tombstone:magic_scroll":8,"minecraft:damaged_anvil":1,"minecraft:coal":151,"dragonmod:scarletleaves":1,"psychadelic:chemistrybook":1},"minecraft:crafted":{"securitycraft:mine":3,"minecraft:oak_planks":92,"minecraft:oak_sign":3,"minecraft:stone":95,"minecraft:iron_bars":16,"minecraft:quartz_block":42,"minecraft:diamond_helmet":1,"minecraft:diamond_leggings":1,"minecraft:netherite_boots":1,"minecraft:netherite_helmet":1,"minecraft:ender_eye":3,"minecraft:stone_bricks":22,"minecraft:oak_fence":3,"minecraft:wooden_shovel":1,"minecraft:diamond_axe":1,"minecraft:crafting_table":9,"minecraft:wooden_pickaxe":1,"minecraft:spruce_door":3,"minecraft:smithing_table":1,"minecraft:stone_brick_stairs":4,"minecraft:wooden_hoe":1,"minecraft:diamond_pickaxe":1,"minecraft:shield":1,"minecraft:iron_pickaxe":1,"minecraft:stick":48,"quark:oak_chest":16,"minecraft:iron_block":3,"minecraft:gold_ingot":101,"minecraft:netherite_ingot":7,"securitycraft:sc_manual":1,"minecraft:golden_carrot":1,"minecraft:oak_door":9,"minecraft:netherite_sword":1,"biomesoplenty:mahogany_planks":19,"minecraft:furnace":13,"minecraft:bone_meal":64,"minecraft:oak_trapdoor":2,"minecraft:netherite_chestplate":1,"minecraft:netherite_leggings":1,"minecraft:ladder":6,"minecraft:iron_hoe":1,"minecraft:stone_pickaxe":1,"minecraft:diamond_boots":1,"minecraft:spruce_boat":1,"quark:spruce_chest":3,"minecraft:dark_oak_planks":8,"minecraft:diamond_sword":1,"minecraft:spruce_sign":6,"minecraft:bucket":1,"minecraft:air":774,"minecraft:bread":16,"minecraft:oak_boat":3,"minecraft:oak_stairs":4,"minecraft:anvil":1,"minecraft:acacia_planks":8,"minecraft:torch":73,"minecraft:diamond_chestplate":1},"minecraft:mined":{"minecraft:spruce_trapdoor":1,"dragonmod:scarletbulbstem":1,"minecraft:granite":18,"minecraft:grass_block":151,"minecraft:oxeye_daisy":2,"mysticalagriculture:inferium_ore":5,"minecraft:tall_seagrass":1,"minecraft:magma_block":12,"minecraft:iron_ore":9,"minecraft:fire":1,"minecraft:deepslate_lapis_ore":2,"minecraft:dark_oak_stairs":1,"minecraft:dirt_path":2,"minecraft:iron_bars":2,"denseores:dense_nether_quartz_ore":30,"mysticalagradditions:nether_prosperity_ore":27,"dragonmod:scarletleaves":1,"mekanism:osmium_ore":1,"minecraft:quartz_block":2,"minecraft:red_bed":2,"minecraft:crimson_nylium":6,"minecraft:torch":48,"denseores:dense_nether_gold_ore":27,"dragonmod:scarletbulb":2,"minecraft:poppy":2,"minecraft:melon":7,"denseores:ancient_nether_ore":16,"minecraft:chest":1,"mekanism:tin_ore":23,"denseores:dense_lapis_ore":8,"minecraft:nether_quartz_ore":92,"denseores:dense_coal_ore":17,"mysticalagradditions:nether_inferium_ore":17,"minecraft:cobblestone":14,"minecraft:oak_planks":10,"minecraft:damaged_anvil":1,"minecraft:wall_torch":13,"biomesoplenty:goldenrod":32,"farmersdelight:sandy_shrub":1,"mysticalagriculture:soulium_ore":15,"minecraft:wheat":3,"minecraft:lilac":1,"minecraft:stone_brick_stairs":2,"minecraft:yellow_stained_glass_pane":2,"minecraft:grass":270,"minecraft:oak_log":77,"minecraft:loom":1,"minecraft:sand":36,"minecraft:dirt":196,"minecraft:stonecutter":1,"minecraft:netherrack":683,"minecraft:oak_leaves":66,"minecraft:deepslate":2,"denseores:dense_iron_ore":2,"minecraft:nether_gold_ore":44,"mysticalagriculture:prosperity_ore":1,"mysticalagriculture:soulstone":13,"minecraft:light_gray_stained_glass_pane":1,"minecraft:mossy_cobblestone":11,"biomesoplenty:desert_grass":16,"butchersdelight:deadsheepblock":1,"minecraft:ladder":12,"biomesoplenty:bush":10,"minecraft:allium":1,"denseores:dense_diamond_ore":3,"minecraft:crimson_roots":2,"minecraft:weeping_vines":2,"minecraft:sandstone":5,"dragonmod:scarletbamboosnow":2,"minecraft:hay_block":4,"denseores:dense_copper_ore":2,"minecraft:oak_trapdoor":4,"minecraft:furnace":5,"minecraft:andesite":13,"minecraft:peony":2,"minecraft:big_dripleaf_stem":1,"dragonmod:rubyore":106,"minecraft:vine":3,"minecraft:lantern":1,"monsters_and_girls:urn_1":1,"butchersdelight:deadllamablock":2,"minecraft:stone":582,"minecraft:bone_block":12,"sophisticatedbackpacks:backpack":9,"minecraft:smithing_table":1,"minecraft:podzol":1,"minecraft:scaffolding":1,"minecraft:soul_sand":7,"quark:oak_chest":2,"minecraft:observer":1,"minecraft:dandelion":1,"minecraft:crafting_table":6,"biomesoplenty:mahogany_planks":6,"minecraft:rose_bush":8,"minecraft:tall_grass":3,"minecraft:copper_ore":4,"minecraft:lapis_ore":7,"minecraft:diorite":27,"minecraft:big_dripleaf":1,"farmersdelight:wild_beetroots":3,"minecraft:black_stained_glass":2,"biomesoplenty:mahogany_log":19,"minecraft:birch_leaves":3,"minecraft:coal_ore":92,"quark:spruce_chest":2,"minecraft:gravel":25,"minecraft:cobweb":8,"minecraft:cracked_stone_bricks":9,"minecraft:stone_bricks":6,"minecraft:small_dripleaf":1,"minecraft:fern":21},"minecraft:broken":{"minecraft:iron_boots":1,"minecraft:iron_leggings":1,"minecraft:netherite_chestplate":1,"minecraft:chainmail_boots":1,"minecraft:stone_pickaxe":2,"mekanismtools:lapis_lazuli_helmet":1,"minecraft:chainmail_chestplate":1,"minecraft:diamond_pickaxe":1,"minecraft:wooden_sword":1,"minecraft:stone_axe":1,"minecraft:fishing_rod":1,"minecraft:bow":1,"minecraft:netherite_helmet":1,"minecraft:chainmail_leggings":2,"alexsmobs:emu_leggings":1,"minecraft:shield":1,"minecraft:leather_boots":1,"minecraft:netherite_boots":1},"minecraft:killed":{"hmag:imp":1,"monsters_and_girls:crimson_jar":1,"minecraft:witch":1,"minecraft:spider":27,"creeperoverhaul:bamboo_creeper":1,"minecraft:skeleton":33,"minecraft:bee":1,"aquaculture:perch":1,"minecraft:skeleton_horse":1,"aquaculture:carp":2,"minecraft:pig":1,"minecraft:zombie_villager":1,"hmag:kasha":1,"minecraft:creeper":14,"minecraft:sheep":10,"aquaculture:minnow":2,"minecraft:zombie":57,"alexsmobs:fly":5,"mowziesmobs:umvuthana_raptor":2,"hmag:creeper_girl":3,"alexsmobs:raccoon":1,"hmag:skeleton_girl":12,"aquaculture:catfish":1,"hmag:zombie_girl":10,"alexsmobs:blue_jay":1,"aquaculture:brown_trout":1,"hmag:ghost":5,"quark:foxhound":4,"epicsamurai:akaname":2,"minecraft:frog":2,"minecraft:wandering_trader":1,"mowziesmobs:umvuthana_follower_raptor":5,"minecraft:squid":1,"hmag:kobold":1,"alexsmobs:cockroach":2,"mutantmonsters:creeper_minion":5,"alexsmobs:gazelle":7,"monsters_and_girls:brown_mushroom_gal":1,"alexsmobs:crow":2,"hmag:cursed_doll":1}},"DataVersion":3120}