{"stats":{"minecraft:dropped":{"psychadelic:cigarette":1,"minecraft:diamond":1292,"minecraft:cracked_stone_bricks":1,"minecraft:red_mushroom":1,"minecraft:emerald":320,"minecraft:gold_block":1,"psychadelic:cb":17,"minecraft:red_bed":1,"minecraft:gold_nugget":19,"psychadelic:morning_glory_seeds":36,"minecraft:fishing_rod":1,"minecraft:ancient_debris":512,"minecraft:iron_nugget":8,"butchersdelight:deadsheep":1,"minecraft:rotten_flesh":83,"minecraft:oak_planks":18,"flower_foxes:flowerfoxseed":3,"cgm:workbench":1,"biomesoplenty:pink_cherry_sapling":1,"minecraft:leather_boots":1,"apotheosis:gem":3,"minecraft:leather_leggings":3,"mysticalagriculture:enderium_essence":1,"minecraft:golden_boots":1,"minecraft:wheat_seeds":1,"minecraft:clock":2,"dragonmod:dragontreat":1,"minecraft:golden_apple":2,"minecraft:cobweb":4,"mowziesmobs:sol_visage":1,"minecraft:ink_sac":6,"psychadelic:mdmapill":49,"minecraft:potion":1,"minecraft:chainmail_leggings":1,"mysticalagriculture:chicken_essence":1,"minecraft:iron_boots":1,"sophisticatedbackpacks:backpack":3,"psychadelic:salviaextractinpipe":6,"mysticalagriculture:fertilized_essence":1,"minecraft:spruce_boat":1,"minecraft:flower_pot":2,"connectedglass:clear_glass":26,"minecraft:bundle":1,"mutantmonsters:mutant_skeleton_limb":1,"minecraft:andesite_stairs":1,"quark:orange_blossom_sapling":1,"minecraft:bow":2,"apexguns:kraber":2,"minecraft:oak_log":634,"minecraft:ender_pearl":4,"minecraft:leather":7,"biomesoplenty:fir_sapling":1,"minecraft:dark_oak_log":128,"minecraft:mutton":1,"minecraft:gold_ingot":4,"psychadelic:dm_tpipe":19,"minecraft:leather_chestplate":2,"minecraft:trident":1,"minecraft:iron_bars":18,"mysticalagriculture:tungsten_essence":1,"minecraft:bread":26,"minecraft:enderman_spawn_egg":1,"ironfurnaces:netherite_furnace":6,"minecraft:polished_andesite_stairs":3,"nzgmaddon:pump_shotgun":2,"inventorypets:nugget_emerald":75,"psychadelic:hawaiian_baby_woodrose_seeds":51,"mysticalagriculture:stone_essence":1,"minecraft:andesite":4,"minecraft:oak_sapling":3,"minecraft:crossbow":3,"biomesoplenty:mahogany_planks":1,"minecraft:leather_helmet":3,"minecraft:dirt":2527,"artifacts:charm_of_sinking":1,"minecraft:phantom_membrane":6,"cgm:shell":424,"inventorypets:pet_cloud":1,"minecraft:bone":62,"minecraft:sugar_cane":7,"mutantmonsters:hulk_hammer":1,"farmersdelight:rice_panicle":1,"minecraft:crying_obsidian":2,"minecraft:egg":2,"minecraft:enchanted_book":5,"minecraft:iron_ingot":103,"minecraft:iron_helmet":1,"minecraft:feather":4,"minecraft:cobblestone":447,"minecraft:apple":12,"minecraft:polished_andesite":3,"minecraft:string":1,"hmag:evil_crystal_fragment":12,"minecraft:spruce_sapling":1,"mysticalagriculture:refined_obsidian_essence":1,"psychadelic:peyoteslice":32,"minecraft:spider_eye":1,"minecraft:netherite_scrap":9,"alexsmobs:emu_leggings":1,"lootr:trophy":1,"mysticalagriculture:nickel_essence":2,"hmag:randomberry":10,"minecraft:carrot":97,"minecraft:chainmail_chestplate":3,"minecraft:chiseled_stone_bricks":1,"crafting_on_a_stick:crafting_table":2,"minecraft:gunpowder":57,"minecraft:chest":1,"minecraft:chainmail_boots":4,"minecraft:arrow":65,"minecraft:quartz":65,"minecraft:spawner":1,"minecraft:mossy_cobblestone":1,"minecraft:bookshelf":15,"quark:glow_lichen_growth":1,"minecraft:brewing_stand":2,"quark:blossom_log":169,"minecraft:torch":1,"psychadelic:ls_dblotter":9,"inventorypets:pet_illuminati":3,"psychadelic:weed_in_herb_pipe":10,"minecraft:raw_iron":30,"mysticalagriculture:spider_essence":1,"minecraft:raw_gold":529,"minecraft:cracked_deepslate_bricks":1},"minecraft:used":{"mekanism:advanced_logistical_transporter":138,"trashcans:item_trash_can":1,"minecraft:stone":1365,"minecraft:rotten_flesh":2,"dragonmod:tuffball":1,"minecraft:soul_sand":8,"minecraft:spruce_boat":1,"apexguns:kraber":193,"minecraft:lava_bucket":2,"psychadelic:alcohol_95":1,"minecraft:oak_sapling":2,"psychadelic:dm_tpipe":1,"tiab:time_in_a_bottle":66,"toms_storage:ts.inventory_connector":1,"minecraft:cactus":2,"minecraft:wooden_pickaxe":59,"minecraft:mossy_stone_brick_stairs":1,"minecraft:deepslate_brick_stairs":10,"botanypots:terracotta_botany_pot":8,"minecraft:diamond_sword":551,"minecraft:smithing_table":1,"minecraft:birch_log":4,"connectedglass:clear_glass_black":28,"botanypotstiers:creative_magenta_concrete_hopper_botany_pot":1,"minecraft:torch":132,"mysticalagriculture:infusion_pedestal":9,"constructionwand:diamond_wand":26,"compactmachines:machine_maximum":2,"quark:blossom_planks":362,"minecraft:wheat_seeds":47,"mysticalagriculture:prosperity_ore":5,"minecraft:gold_ore":4,"minecraft:red_bed":10,"comforts:sleeping_bag_magenta":1,"botanypotstiers:creative_light_blue_terracotta_hopper_botany_pot":1,"ironfurnaces:netherite_furnace":6,"minecraft:spruce_sapling":6,"quark:dark_oak_chest":1,"minecraft:cooked_porkchop":5,"quark:oak_chest":1,"psychadelic:hawaiian_baby_woodrose_seeds":3,"sophisticatedstorage:shulker_box":1,"botanypotstiers:creative_red_glazed_terracotta_hopper_botany_pot":2,"botanypotstiers:creative_pink_terracotta_hopper_botany_pot":1,"mekanismtools:diamond_paxel":1677,"mekanism:advanced_crushing_factory":2,"minecraft:obsidian":5,"tombstone:decorative_grave_simple":2,"irongenerators:obsidian_generator":10,"minecraft:item_frame":1,"pipez:item_pipe":25,"minecraft:dark_oak_sapling":5,"minecraft:wither_skeleton_skull":5,"botanypotstiers:creative_gray_concrete_hopper_botany_pot":1,"minecraft:oak_planks":75,"botanypotstiers:creative_terracotta_hopper_botany_pot":1,"easy_villagers:villager":1,"minecraft:bread":27,"mekanism:metallurgic_infuser":3,"tombstone:grave_key":3,"quark:blossom_fence":1,"botanypotstiers:creative_black_terracotta_hopper_botany_pot":2,"minecraft:bone_meal":59,"minecraft:rose_bush":1,"minecraft:netherite_sword":68,"sophisticatedbackpacks:iron_backpack":1,"sophisticatedstorage:gold_chest":7,"minecraft:dirt":2530,"cgm:workbench":2,"botanypotstiers:creative_red_terracotta_hopper_botany_pot":2,"psychadelic:peyoteslice":1,"torchmaster:feral_flare_lantern":36,"quark:blossom_wood":23,"psychadelic:mdmapill":1,"minecraft:cooked_beef":9,"denseores:dense_coal_ore":12,"mysticaladaptations:insanium_sword":25,"minecraft:cobblestone_stairs":1,"minecraft:baked_potato":16,"glassential:glass_dark_ethereal":1,"connectedglass:clear_glass":28,"sophisticatedstorage:gold_barrel":1,"mekanism:ultimate_enriching_factory":1,"minecraft:command_block":1,"minecraft:lapis_ore":4,"apexguns:spitfire":426,"pipez:energy_pipe":14,"mekanism:advanced_infusing_factory":1,"mysticalagriculture:inferium_ore":8,"minecraft:chest":8,"constructionwand:iron_wand":151,"botanypotstiers:creative_black_terracotta_botany_pot":1,"minecraft:grass_block":2145,"constructionwand:infinity_wand":112,"minecraft:copper_ore":17,"minecraft:dark_oak_button":1,"ironfurnaces:iron_furnace":4,"psychadelic:weed_in_herb_pipe":3,"minecraft:furnace":10,"psychadelic:morning_glory_seeds":2,"monsters_and_girls:fly_alexgaric_spawn_egg":1,"elevatorid:elevator_white":6,"minecraft:sand":3,"psychadelic:salviaextractinpipe":1,"goldenfood:golden_chorus_fruit":1,"mekanismtools:iron_paxel":442,"minecraft:wooden_sword":102,"quark:glow_lichen_growth":1,"sophisticatedstorage:diamond_barrel":22,"minecraft:iron_bars":2,"botanypotstiers:creative_brown_glazed_terracotta_hopper_botany_pot":3,"minecraft:netherrack":179,"minecraft:anvil":1,"ironfurnaces:diamond_furnace":4,"toms_storage:ts.crafting_terminal":1,"sophisticatedstorage:iron_barrel":1,"goldenfood:golden_bread":14,"minecraft:smooth_quartz":11,"psychadelic:ls_dblotter":2,"mekanism:upgrade_energy":5,"tombstone:gift":17,"minecraft:cobbled_deepslate":8,"quark:blossom_log":122,"minecraft:water_bucket":8,"minecraft:dirt_path":1,"dragonmod:dragonpadding":1,"mekanismtools:stone_paxel":460,"botanypotstiers:creative_purple_glazed_terracotta_hopper_botany_pot":2,"hmag:netherite_scrap_block":13,"minecraft:salmon":1,"minecraft:oak_slab":1,"minecraft:crafting_table":2,"apexguns:rifle3030":14,"minecraft:oak_log":3,"minecraft:cobblestone":33,"toms_storage:ts.adv_wireless_terminal":1,"advancednetherite:netherite_diamond_sword":621,"minecraft:diamond_hoe":83,"minecraft:oak_sign":4,"mysticalagriculture:infusion_altar":1,"minecraft:carrot":193,"minecraft:tuff":2,"mobcatcher:net":13,"minecraft:coal_ore":7,"psychadelic:blue_lotus_joint":2,"mob_grinding_utils:tank_sink":1,"dragonmod:egg_4":2,"quark:blossom_chest":12,"minecraft:scaffolding":8,"framedblocks:framed_door":9,"psychadelic:mixture_ina_separatory_funnel":1,"sophisticatedbackpacks:backpack":2,"editenchanting:enchantment_edit_table":1,"minecraft:string":2,"mekanism:upgrade_speed":3,"ironbookshelves:emerald_bookshelf":19,"minecraft:andesite":4,"immersive_aircraft:gyrodyne":27,"minecraft:cobweb":2,"minecraft:oak_door":1,"mekanism:tin_ore":7,"minecraft:dark_oak_planks":37,"monsters_and_girls:blue_slime_girl_spawn_egg":1,"minecraft:golden_carrot":4,"mekanismtools:netherite_paxel":9780,"quark:orange_blossom_sapling":3,"minecraft:cooked_mutton":3,"botanypots:terracotta_hopper_botany_pot":31,"minecraft:iron_ore":10,"dragonmod:egghatcher":1,"minecraft:light_gray_concrete_powder":8,"minecraft:apple":15,"mekanism:elite_energy_cube":1,"dimstorage:dimensional_chest":1,"minecraft:bucket":95,"psychadelic:cb":1},"minecraft:broken":{"minecraft:diamond_helmet":1,"mekanismtools:netherite_paxel":1,"mekanismtools:lapis_lazuli_helmet":1,"minecraft:wooden_sword":1,"minecraft:wooden_pickaxe":1,"mowziesmobs:umvuthana_mask_fear":1,"minecraft:diamond_boots":1,"mekanismtools:stone_paxel":1,"minecraft:iron_boots":1},"minecraft:killed_by":{"minecraft:zombie":2,"mutantmonsters:mutant_skeleton":1,"minecraft:skeleton":4,"mutantmonsters:mutant_creeper":1,"alexsmobs:grizzly_bear":9,"mutantmonsters:mutant_zombie":1,"minecraft:creeper":2,"cataclysm:deepling_brute":1,"minecraft:witch":1,"minecraft:spider":1,"hmag:cursed_doll":1},"minecraft:mined":{"minecraft:potted_pink_tulip":1,"minecraft:red_nether_bricks":4,"ironbookshelves:emerald_bookshelf":3,"minecraft:light_blue_carpet":7,"compactmachines:machine_maximum":1,"minecraft:granite":90,"minecraft:acacia_log":14,"mysticalagriculture:spider_crop":1,"mysticalagriculture:inferium_ore":22,"minecraft:spawner":41,"dragonmod:egg_6":1,"quark:blossom_chest":12,"minecraft:magma_block":6,"minecraft:fire":15,"botanypotstiers:elite_brown_concrete_hopper_botany_pot":1,"minecraft:light_gray_concrete":8,"mysticalagriculture:copper_crop":1,"denseores:dense_nether_quartz_ore":8,"biomesoplenty:potted_orange_cosmos":1,"minecraft:kelp_plant":1,"ironfurnaces:iron_furnace":4,"minecraft:torch":48,"dragonmod:scarletbulb":12,"biomesoplenty:potted_willow_sapling":1,"denseores:ancient_nether_ore":2,"mekanism:tin_ore":23,"quark:blossom_log":234,"quark:potted_chorus_twist":1,"minecraft:sugar_cane":5,"minecraft:amethyst_block":454,"mysticalagriculture:apatite_crop":1,"biomesoplenty:potted_sprout":1,"minecraft:grass":975,"botanypotstiers:creative_red_terracotta_hopper_botany_pot":2,"mekanism:lead_ore":1,"minecraft:dark_oak_sapling":5,"minecraft:smooth_quartz":69,"minecraft:smooth_basalt":4,"biomesoplenty:potted_burning_blossom":1,"minecraft:deepslate":348,"minecraft:mossy_cobblestone":3,"mysticalagriculture:nickel_crop":1,"flower_foxes:flowerfoxseeddesert":3,"farmersdelight:wild_carrots":10,"butchersdelight:deadsheepblock":3,"connectedglass:clear_glass":2,"mysticalagriculture:tin_crop":3,"quark:potted_chorus":1,"minecraft:redstone_ore":8,"mysticalagriculture:fluix_crop":1,"minecraft:andesite":378,"quark:potted_tall_grass":1,"minecraft:mossy_stone_brick_stairs":1,"botanypotstiers:creative_red_glazed_terracotta_hopper_botany_pot":1,"minecraft:potted_spruce_sapling":1,"minecraft:redstone_block":2,"minecraft:soul_sand":68,"minecraft:lily_of_the_valley":8,"minecraft:potted_lily_of_the_valley":7,"minecraft:dandelion":23,"minecraft:copper_ore":39,"minecraft:tall_grass":38,"dragonmod:egg_4":3,"minecraft:deepslate_gold_ore":2,"minecraft:diorite":310,"minecraft:coarse_dirt":2,"mysticalagriculture:chicken_crop":2,"minecraft:sunflower":4,"minecraft:gravel":161,"minecraft:cobweb":4,"minecraft:stone_bricks":4,"minecraft:gold_ore":16,"quark:orange_blossom_leaves":449,"minecraft:oak_sapling":1,"minecraft:farmland":1,"botanypotstiers:ultra_gray_concrete_hopper_botany_pot":1,"connectedglass:borderless_glass":16,"minecraft:mossy_stone_brick_slab":3,"biomesoplenty:potted_glowflower":1,"ironbookshelves:diamond_bookshelf":16,"minecraft:brewing_stand":4,"minecraft:budding_amethyst":33,"botanypotstiers:ultra_purple_glazed_terracotta_botany_pot":1,"quark:potted_nether_wart":1,"botanypotstiers:elite_pink_glazed_terracotta_botany_pot":1,"minecraft:iron_bars":58,"minecraft:potted_cornflower":3,"sophisticatedstorage:gold_barrel":1,"minecraft:potted_orange_tulip":1,"minecraft:quartz_block":2,"mysticalagriculture:air_crop":1,"mekanism:advanced_crushing_factory":1,"minecraft:potted_jungle_sapling":2,"minecraft:nether_quartz_ore":43,"minecraft:oak_planks":27,"minecraft:wall_torch":8,"biomesoplenty:goldenrod":95,"mysticalagriculture:stone_crop":1,"minecraft:tnt":15,"minecraft:oak_log":507,"minecraft:dirt":2539,"minecraft:ancient_debris":2,"mysticalagriculture:nether_crop":1,"mysticalagriculture:blizz_crop":1,"biomesoplenty:potted_pink_cherry_sapling":2,"biomesoplenty:potted_hellbark_sapling":1,"minecraft:crying_obsidian":5,"biomesoplenty:potted_dead_sapling":1,"mekanism:ultimate_enriching_factory":1,"mekanism:deepslate_osmium_ore":2,"minecraft:spruce_leaves":64,"flower_foxes:flowerfoxseed":1,"minecraft:cracked_nether_bricks":1,"botanypotstiers:creative_brown_glazed_terracotta_hopper_botany_pot":3,"cgm:workbench":1,"mysticalagriculture:cobalt_crop":1,"mysticalagriculture:refined_obsidian_crop":1,"botanypotstiers:elite_black_glazed_terracotta_hopper_botany_pot":1,"mysticalagriculture:sulfur_crop":1,"minecraft:gold_block":3,"minecraft:bookshelf":60,"monsters_and_girls:urn_1":3,"mysticalagriculture:lapis_lazuli_crop":2,"minecraft:scaffolding":12,"pipez:item_pipe":1,"minecraft:stone_slab":1,"ironfurnaces:diamond_furnace":4,"quark:blossom_wood":5,"elevatorid:elevator_white":2,"quark:potted_lilac":1,"minecraft:flower_pot":5,"minecraft:mossy_stone_bricks":1,"minecraft:dark_oak_planks":5,"minecraft:potted_crimson_fungus":1,"minecraft:obsidian":157,"biomesoplenty:potted_yellow_autumn_sapling":1,"botanypotstiers:creative_black_terracotta_botany_pot":2,"quark:stripped_blossom_log":1,"torchmaster:feral_flare_lantern":1,"minecraft:oxeye_daisy":43,"minecraft:tall_seagrass":46,"dragonmod:scarletbamboo":4,"minecraft:enchanting_table":1,"quark:potted_lavender_blossom_sapling":2,"minecraft:dirt_path":1,"powah:uraninite_ore_poor":7,"mysticalagradditions:nether_prosperity_ore":11,"mekanism:osmium_ore":11,"botanypots:terracotta_hopper_botany_pot":15,"minecraft:red_bed":12,"botanypots:terracotta_botany_pot":8,"pipez:energy_pipe":1,"botanypotstiers:ultra_brown_glazed_terracotta_hopper_botany_pot":1,"denseores:dense_coal_ore":34,"botanypotstiers:creative_black_terracotta_hopper_botany_pot":1,"biomesoplenty:potted_rose":1,"mekanism:advanced_logistical_transporter":18,"mysticalagriculture:soulium_ore":1,"denseores:dense_deepslate_diamond_ore":10,"minecraft:potted_poppy":1,"minecraft:stone_brick_stairs":1,"mysticalagriculture:tungsten_crop":1,"minecraft:nether_bricks":10,"mysticalagriculture:netherite_crop":1,"mysticalagriculture:uranium_crop":1,"farmersdelight:wild_cabbages":1,"biomesoplenty:dead_grass":8,"minecraft:snow":64,"botanypotstiers:creative_purple_glazed_terracotta_hopper_botany_pot":1,"minecraft:white_wool":6,"minecraft:brown_carpet":16,"minecraft:stone_brick_slab":2,"quark:potted_wheat":2,"biomesoplenty:potted_fir_sapling":1,"mysticalagriculture:end_crop":1,"minecraft:cracked_deepslate_bricks":1,"minecraft:spruce_log":25,"quark:orange_blossom_sapling":1,"botanypots:cyan_terracotta_hopper_botany_pot":1,"sophisticatedstorage:diamond_barrel":4,"biomesoplenty:potted_maple_sapling":1,"minecraft:spruce_planks":5,"dragonmod:scarletbulbstem":2,"minecraft:grass_block":473,"minecraft:potted_mangrove_propagule":1,"minecraft:soul_soil":3,"sophisticatedstorage:shulker_box":1,"mysticalagriculture:flux_infused_gem_crop":1,"glassential:glass_dark_ethereal":1,"mysticalagriculture:enderium_crop":1,"minecraft:glowstone":4,"minecraft:iron_ore":53,"minecraft:potted_red_mushroom":1,"quark:blossom_planks":57,"minecraft:azure_bluet":3,"botanypotstiers:ultra_pink_terracotta_hopper_botany_pot":1,"framedblocks:framed_door":1,"botanypotstiers:ultra_red_glazed_terracotta_hopper_botany_pot":1,"minecraft:soul_lantern":4,"minecraft:clay":122,"minecraft:calcite":323,"minecraft:poppy":38,"minecraft:chest":8,"mysticalagradditions:nether_inferium_ore":17,"minecraft:cobblestone":9,"minecraft:seagrass":88,"minecraft:sand":1224,"minecraft:wither_skeleton_skull":2,"minecraft:potted_red_tulip":2,"minecraft:netherrack":270,"mysticalagriculture:infusion_pedestal":1,"minecraft:oak_leaves":352,"biomesoplenty:potted_wilted_lily":1,"minecraft:emerald_block":2,"mysticalagriculture:prosperity_ore":23,"minecraft:tuff":70,"minecraft:deepslate_diamond_ore":1,"mysticalagriculture:amethyst_bronze_crop":1,"quark:potted_nether_sprouts":1,"biomesoplenty:bush":10,"quark:potted_beetroot":1,"mysticalagriculture:nether_star_crop":2,"quark:potted_glow_lichen_growth":1,"minecraft:potted_dark_oak_sapling":1,"minecraft:furnace":6,"minecraft:spruce_sapling":1,"mysticalagriculture:compressed_iron_crop":1,"biomesoplenty:spider_egg":1,"minecraft:stone":2937,"mysticalagriculture:rubber_crop":1,"minecraft:red_wool":9,"minecraft:crafting_table":1,"minecraft:rose_bush":168,"minecraft:lectern":3,"biomesoplenty:sprout":5,"minecraft:lapis_ore":13,"mekanism:metallurgic_infuser":3,"mysticalagriculture:ironwood_crop":1,"mysticalagriculture:ice_crop":1,"biomesoplenty:potted_clover":1,"minecraft:spruce_stairs":2,"minecraft:cactus":9,"dragonmod:tuffball":1,"minecraft:coal_ore":30,"quark:potted_orange_blossom_sapling":1,"minecraft:potted_white_tulip":2},"minecraft:picked_up":{"butchersdelight:deadhoglin":1,"minecraft:red_sandstone_stairs":1,"dragonmod:tuffball":9,"minecraft:stone_slab":1,"minecraft:lead":5,"farmersdelight:rice_panicle":1,"minecraft:enchanted_book":17,"hmag:ancient_stone":1,"mysticalagriculture:nickel_essence":3,"immersive_aircraft:improved_landing_gear":13,"denseores:dense_coal_ore":14,"minecraft:polished_blackstone_brick_stairs":1,"minecraft:string":347,"mysticalagriculture:enderium_seeds":1,"connectedglass:clear_glass":2,"biomesoplenty:yellow_autumn_sapling":2,"compactmachines:machine_maximum":1,"mysticalagriculture:sulfur_essence":1,"mysticalagriculture:tertium_ingot":1,"refinedstorage:gray_wireless_transmitter":1,"minecraft:diamond_leggings":1,"mysticalagriculture:prosperity_shard":947,"potionsmaster:bezoar":7,"minecraft:acacia_log":17,"mysticalagriculture:imperium_pickaxe":1,"quark:blossom_log":400,"mysticalagriculture:infusion_crystal":1,"minecraft:golden_chestplate":1,"minecraft:pink_terracotta":4,"minecraft:brown_carpet":32,"minecraft:stone_sword":8,"minecraft:honey_bottle":10,"farmersdelight:onion":13,"minecraft:red_tulip":2,"connectedglass:clear_glass_yellow_pane":1,"farmersdelight:rope":25,"minecraft:bookshelf":32,"botanypotstiers:creative_red_terracotta_hopper_botany_pot":2,"minecraft:blaze_rod":91,"biomesoplenty:pink_cherry_sapling":1,"minecraft:iron_bars":76,"minecraft:snowball":80,"botanypotstiers:creative_magenta_concrete_hopper_botany_pot":1,"minecraft:feather":144,"minecraft:cooked_beef":5,"minecraft:brown_wool":6,"biomesoplenty:fir_sapling":2,"securitycraft:crystal_quartz_item":1,"alexsmobs:bison_fur":2,"mysticalagriculture:tungsten_seeds":1,"minecraft:flint":12,"lootr:trophy":1,"tombstone:familiar_receptacle":1,"minecraft:lantern":12,"botanypotstiers:elite_blue_glazed_terracotta_hopper_botany_pot":1,"mysticalagriculture:prudentium_shovel":1,"mysticalagriculture:soulium_dust":1,"quark:soul_bead":1,"botanypotstiers:ultra_brown_glazed_terracotta_hopper_botany_pot":1,"hmag:exp_berry":7,"minecraft:honeycomb":17,"biomesoplenty:mahogany_planks":1,"mysticalagriculture:tungsten_essence":1,"hmag:necrofiber":3,"mysticalagradditions:withering_soul":1,"botanypotstiers:elite_gray_terracotta_hopper_botany_pot":1,"botanypotstiers:creative_black_terracotta_botany_pot":2,"biomesoplenty:glowflower":1,"minecraft:polished_andesite":7,"mysticalagriculture:flux_infused_gem_essence":2,"mekanismtools:lapis_lazuli_hoe":1,"minecraft:granite":100,"hmag:dyssomnia_skin":6,"quark:lime_shingles":1,"securitycraft:reinforced_granite":1,"minecraft:clay_ball":540,"minecraft:leather_leggings":10,"mysticalagriculture:compressed_iron_seeds":2,"minecraft:purpur_block":1,"minecraft:fire_coral":1,"minecraft:cornflower":10,"monsters_and_girls:tiny_bed":1,"minecraft:flint_and_steel":1,"epicsamurai:jade":5,"minecraft:white_carpet":3,"minecraft:iron_shovel":3,"mysticalagriculture:amethyst_bronze_essence":1,"minecraft:jungle_sapling":2,"minecraft:poppy":27,"minecraft:birch_sapling":1,"botanypotstiers:creative_black_terracotta_hopper_botany_pot":1,"minecraft:copper_ore":17,"mysticalagriculture:tin_essence":3,"minecraft:stone":1682,"farmersdelight:minced_beef":8,"pipez:item_pipe":1,"sophisticatedbackpacks:backpack":4,"minecraft:fire_charge":8,"farmersdelight:tomato_seeds":26,"crafting_on_a_stick:crafting_table":1,"butchersdelight:deadsheep":13,"minecraft:diamond_chestplate":1,"minecraft:stone_shovel":1,"mekanism:chemical_injection_chamber":1,"mekanismtools:lapis_lazuli_leggings":2,"minecraft:cracked_deepslate_bricks":2,"minecraft:mutton":36,"minecraft:oxeye_daisy":49,"hmag:mysterious_petal":1,"minecraft:clock":2,"mysticalagriculture:fertilized_essence":6,"minecraft:yellow_dye":2,"farmersdelight:flint_knife":1,"minecraft:paper":14,"inventorypets:nugget_emerald":75,"minecraft:spawner":19,"minecraft:apple":60,"alexsmobs:cockroach_wing_fragment":1,"minecraft:stone_pickaxe":1,"minecraft:iron_ore":10,"tombstone:bag_of_seeds":1,"minecraft:tall_grass":2,"psychadelic:ls_dblotter":1,"dragonmod:dragonpadding":5,"powah:uraninite":1,"minecraft:polished_andesite_stairs":6,"minecraft:smooth_basalt":4,"minecraft:light_gray_stained_glass":1,"minecraft:red_wool":9,"minecraft:cracked_nether_bricks":1,"framedblocks:framed_pyramid":1,"powah:uraninite_raw":17,"minecraft:crying_obsidian":5,"minecraft:leather_helmet":9,"minecraft:coal_ore":23,"mysticalagriculture:nickel_seeds":1,"inventorypets:pet_illuminati":2,"quark:stripped_ancient_wood":1,"mysticalagriculture:rubber_essence":1,"mowziesmobs:umvuthana_mask_fear":6,"minecraft:hopper":4,"botanypots:terracotta_botany_pot":8,"mysticalagriculture:spider_seeds":1,"quark:music_disc_drips":4,"mekanismtools:lapis_lazuli_sword":1,"minecraft:stone_brick_stairs":7,"mysticalagriculture:spider_essence":1,"mysticalagriculture:stone_essence":1,"minecraft:lapis_block":1,"minecraft:red_dye":3,"minecraft:white_tulip":2,"mysticalagriculture:tin_seeds":6,"minecraft:rose_bush":164,"minecraft:ender_eye":3,"minecraft:iron_pickaxe":2,"minecraft:smooth_quartz":69,"minecraft:spruce_stairs":9,"minecraft:diorite":283,"quark:blossom_planks":75,"alexsmobs:roadrunner_boots":1,"mysticalagriculture:lapis_lazuli_seeds":4,"minecraft:rotten_flesh":665,"alexsmobs:emu_egg":1,"mysticalagriculture:ironwood_seeds":2,"mekanism:ingot_osmium":99,"minecraft:obsidian":159,"hmag:spectral_soup":1,"minecraft:cobblestone":1538,"minecraft:enchanting_table":2,"tombstone:soul_receptacle":1,"minecraft:leather_chestplate":4,"connectedglass:clear_glass_light_gray":10,"minecraft:lilac":1,"minecraft:andesite":337,"mekanismtools:lapis_lazuli_helmet":2,"minecraft:golden_leggings":1,"minecraft:potato":57,"botanypotstiers:elite_brown_concrete_hopper_botany_pot":2,"mysticalagriculture:dirt_seeds":1,"minecraft:dirt":3397,"constructionwand:iron_wand":1,"mekanismtools:iron_paxel":1,"minecraft:name_tag":6,"hmag:evil_crystal_fragment":118,"mysticalagriculture:air_essence":1,"minecraft:glass":22,"minecraft:bone":737,"farmersdelight:iron_knife":3,"minecraft:bow":23,"minecraft:wheat_seeds":588,"minecraft:orange_tulip":1,"minecraft:mossy_stone_bricks":3,"mysticalagriculture:prosperity_block":2,"mysticalagriculture:cobalt_seeds":2,"mysticalagriculture:blizz_essence":2,"biomesoplenty:clover":1,"botanypotstiers:ultra_brown_concrete_botany_pot":1,"psychadelic:pipe":1,"hmag:soul_powder":90,"mysticalagriculture:inferium_ingot":2,"mysticalagriculture:fluix_seeds":2,"minecraft:grass_block":276,"minecraft:diamond_block":3,"hmag:kobold_leather":2,"minecraft:mossy_cobblestone":3,"cgm:shell":432,"minecraft:sugar":2,"minecraft:soul_lantern":6,"alexsmobs:rattlesnake_rattle":2,"minecraft:crossbow":7,"ironfurnaces:upgrade_copper":1,"minecraft:golden_apple":4,"butchersdelight:deadllama":4,"minecraft:emerald":71,"minecraft:netherrack":1526,"minecraft:chorus_fruit":1,"minecraft:oak_leaves":16,"ironbookshelves:emerald_bookshelf":3,"advancednetherite:netherite_diamond_sword":1,"minecraft:azure_bluet":3,"minecraft:ladder":4,"mysticalagriculture:prudentium_helmet":1,"minecraft:diorite_slab":1,"minecraft:brick":17,"minecraft:shield":4,"alexsmobs:hummingbird_feeder":1,"farmersdelight:diamond_knife":2,"mysticalagriculture:infusion_pedestal":1,"nzgmaddon:pump_shotgun":3,"biomesoplenty:hellbark_sapling":2,"minecraft:blue_orchid":4,"comforts:sleeping_bag_magenta":2,"ironbookshelves:diamond_bookshelf":16,"biomesoplenty:sprout":1,"mysticalagriculture:refined_obsidian_seeds":2,"minecraft:cookie":4,"minecraft:trident":4,"monsters_and_girls:ink_cap_mushroom":1,"mysticalagriculture:supremium_farmland":2,"botanypotstiers:ultra_cyan_terracotta_hopper_botany_pot":1,"minecraft:nether_bricks":10,"minecraft:pumpkin_pie":1,"biomesoplenty:willow_sapling":1,"quark:orange_blossom_sapling":40,"mysticalagriculture:copper_seeds":2,"minecraft:pink_tulip":2,"mutantmonsters:mutant_skeleton_rib":12,"biomesoplenty:rose":1,"mysticalagriculture:nether_star_seeds":4,"minecraft:leather":27,"minecraft:ice":1,"minecraft:crimson_fungus":1,"inventorypets:nugget_obsidian":9,"mysticalagriculture:compressed_iron_essence":2,"minecraft:chainmail_chestplate":7,"mysticalagriculture:chicken_seeds":2,"minecraft:yellow_bed":1,"minecraft:gunpowder":304,"quark:blank_rune":2,"minecraft:red_carpet":6,"botanypotstiers:creative_brown_glazed_terracotta_hopper_botany_pot":3,"mysticalagriculture:prosperity_ore":5,"minecraft:acacia_trapdoor":1,"apexguns:kraber":3,"minecraft:iron_ingot":22,"dragonmod:egg_6":1,"mysticalagriculture:end_essence":1,"mysticalagriculture:end_seeds":2,"minecraft:emerald_block":5,"mysticalagriculture:refined_obsidian_essence":1,"minecraft:dandelion":29,"minecraft:stone_brick_slab":1,"minecraft:quartz":209,"mysticalagriculture:copper_essence":2,"minecraft:amethyst_shard":54,"botanypotstiers:ultra_gray_concrete_hopper_botany_pot":1,"immersive_aircraft:enhanced_propeller":13,"ironfurnaces:augment_blasting":1,"refinedstorage:brown_security_manager":1,"minecraft:pumpkin_seeds":1,"connectedglass:scratched_glass_green":1,"butchersdelight:sheephide":3,"aquaculture:wooden_fillet_knife":1,"minecraft:chainmail_leggings":5,"mekanism:elite_energy_cube":1,"quark:brown_rune":1,"minecraft:terracotta":4,"psychadelic:chemistrybook":1,"cgm:workbench":1,"minecraft:sunflower":4,"minecraft:seagrass":6,"mysticalagriculture:amethyst_bronze_seeds":2,"torchmaster:feral_flare_lantern":1,"minecraft:chainmail_boots":14,"minecraft:flower_pot":64,"minecraft:prismarine_shard":4,"alexsmobs:emu_leggings":1,"minecraft:oak_stairs":2,"minecraft:wither_rose":4,"minecraft:brewing_stand":8,"quark:permafrost_wall":1,"mekanism:advanced_crushing_factory":1,"minecraft:amethyst_block":390,"minecraft:soul_soil":14,"minecraft:red_nether_bricks":4,"sophisticatedstorage:diamond_barrel":4,"pipez:energy_pipe":1,"mysticalagriculture:inferium_essence":1385,"minecraft:gold_nugget":81,"minecraft:cobbled_deepslate":349,"minecraft:spruce_planks":9,"endrem:wither_eye":1,"mysticalagriculture:flux_infused_gem_seeds":2,"minecraft:melon_slice":5,"minecraft:coal_block":2,"securitycraft:reinforced_light_gray_carpet":1,"securitycraft:reinforced_smooth_crystal_quartz_stairs":1,"securitycraft:reinforced_purple_stained_glass_pane":1,"minecraft:golden_helmet":3,"mekanism:tin_ore":7,"mekanism:raw_tin":43,"mutantmonsters:mutant_skeleton_pelvis":2,"easy_villagers:villager":8,"minecraft:light_gray_bed":1,"minecraft:iron_block":2,"refinedstorage:1k_storage_disk":1,"mekanism:geiger_counter":1,"mysticalagriculture:prudentium_essence":3,"apexguns:kraber_ammo":204,"endrem:rogue_eye":1,"minecraft:magma_block":6,"botanypotstiers:ultra_pink_terracotta_hopper_botany_pot":1,"botanypots:light_gray_glazed_terracotta_botany_pot":1,"mysticalagriculture:netherite_essence":2,"minecraft:map":3,"monsters_and_girls:soul_wanderer_button":1,"botanypotstiers:elite_pink_glazed_terracotta_botany_pot":1,"mysticalagriculture:enderium_essence":1,"botanypots:terracotta_hopper_botany_pot":15,"minecraft:glowstone_dust":18,"quark:chorus_twist":2,"mekanism:metallurgic_infuser":3,"psychadelic:mixture_ina_separatory_funnel":1,"mekanismtools:stone_paxel":1,"mysticalagriculture:prosperity_ingot":2,"minecraft:ink_sac":32,"quark:glow_lichen_growth":2,"minecraft:dark_oak_log":64,"minecraft:bundle":6,"quark:birch_ladder":1,"alexsmobs:kangaroo_hide":2,"mysticalagriculture:uranium_essence":1,"minecraft:bread":8,"minecraft:chainmail_helmet":6,"alexsmobs:maggot":6,"minecraft:bricks":6,"minecraft:spruce_leaves":4,"minecraft:coarse_dirt":2,"minecraft:crafting_table":1,"minecraft:nether_wart":1,"biomesoplenty:palm_chest_boat":1,"dragonmod:chry_4":1,"cataclysm:monstrous_helm":1,"goldenfood:golden_chorus_fruit":1,"powah:energizing_rod_starter":1,"minecraft:red_bed":13,"minecraft:netherite_scrap":9,"minecraft:snow":64,"mysticalagriculture:inferium_ore":8,"minecraft:compass":2,"sophisticatedstorage:shulker_box":3,"butchersdelight:dead_cow":1,"minecraft:cracked_stone_bricks":135,"mysticalagriculture:fluix_essence":1,"minecraft:beef":21,"minecraft:iron_nugget":80,"botanypotstiers:creative_light_blue_terracotta_hopper_botany_pot":1,"ironfurnaces:diamond_furnace":4,"botanypotstiers:elite_black_glazed_terracotta_hopper_botany_pot":1,"quark:yellow_blossom_sapling":3,"minecraft:chest":11,"mekanism:ultimate_sawing_factory":1,"minecraft:egg":3,"artifacts:charm_of_sinking":1,"psychadelic:dm_tpipe":12,"mekanism:ultimate_enriching_factory":1,"minecraft:carrot":438,"minecraft:redstone":82,"securitycraft:reinforced_mangrove_wood":1,"minecraft:tnt":22,"securitycraft:alarm":1,"minecraft:beetroot_seeds":1,"minecraft:peony":1,"minecraft:diamond_boots":1,"mowziesmobs:umvuthana_mask_bliss":4,"minecraft:gold_ingot":119,"farmersdelight:white_canvas_sign":1,"tombstone:essence_of_undeath":2,"quark:stripped_blossom_log":1,"alexsmobs:kangaroo_meat":2,"minecraft:white_wool":13,"quark:music_disc_wind":1,"minecraft:lapis_ore":4,"mekanism:raw_lead":1,"quark:blossom_wood":5,"minecraft:red_mushroom":3,"mysticalagriculture:sulfur_seeds":1,"botanypotstiers:creative_gray_terracotta_hopper_botany_pot":1,"mob_grinding_utils:tank":1,"minecraft:oak_log":710,"minecraft:ancient_debris":2,"minecraft:golden_boots":2,"mekanismtools:refined_glowstone_shield":1,"mutantmonsters:mutant_skeleton_limb":15,"tombstone:gift":1,"minecraft:stone_bricks":12,"mowziesmobs:umvuthana_mask_rage":5,"botanypotstiers:creative_purple_glazed_terracotta_hopper_botany_pot":1,"minecraft:cobweb":4,"mysticalagriculture:uranium_seeds":2,"minecraft:iron_sword":1,"flower_foxes:flowerfoxseeddesert":3,"elevatorid:elevator_white":2,"minecraft:dark_oak_slab":1,"botanypotstiers:elite_yellow_glazed_terracotta_botany_pot":1,"mysticalagriculture:chicken_essence":3,"minecraft:gravel":225,"minecraft:spruce_sapling":13,"minecraft:spruce_log":44,"cataclysm:flame_eye":1,"biomesoplenty:maple_sapling":2,"minecraft:stone_axe":2,"hmag:randomberry":20,"minecraft:light_blue_carpet":8,"connectedglass:scratched_glass_magenta":1,"minecraft:gray_wool":3,"inventorypets:pet_heart":1,"minecraft:oak_button":2,"minecraft:mangrove_propagule":2,"minecraft:ender_pearl":54,"biomesoplenty:burning_blossom":2,"minecraft:wheat":324,"minecraft:redstone_block":3,"framedblocks:framed_door":7,"dragonmod:rubyore":49,"minecraft:potion":1,"minecraft:nether_brick":22,"mutantmonsters:mutant_skeleton_skull":2,"minecraft:raw_copper":172,"mysticalagriculture:stone_seeds":2,"alexsmobs:ancient_dart":1,"botanypots:cyan_terracotta_hopper_botany_pot":1,"minecraft:iron_leggings":3,"connectedglass:borderless_glass":16,"minecraft:netherite_ingot":10,"minecraft:oak_sign":1,"biomesoplenty:dead_sapling":1,"quark:pink_shingles":1,"botanypotstiers:creative_red_glazed_terracotta_hopper_botany_pot":1,"hmag:bat_wing":1,"minecraft:calcite":323,"mysticalagriculture:ice_seeds":2,"farmersdelight:cabbage_seeds":1,"minecraft:iron_boots":8,"minecraft:furnace":8,"quark:music_disc_fire":2,"minecraft:stick":158,"apotheosis:gem":36,"mowziesmobs:sol_visage":1,"minecraft:torch":81,"hmag:diamond_fragment":6,"tombstone:grave_dust":48,"psychadelic:salviaextractinpipe":1,"mysticalagriculture:cobalt_essence":1,"quark:lavender_blossom_sapling":4,"mutantmonsters:hulk_hammer":4,"minecraft:quartz_block":2,"minecraft:cactus":19,"mysticalagriculture:apatite_seeds":2,"aquaculture:worm_farm":1,"quark:blossom_chest":12,"quark:shale_vertical_slab":1,"glassential:glass_dark_ethereal":3,"mutantmonsters:mutant_skeleton_shoulder_pad":4,"biomesoplenty:orange_cosmos":1,"flower_foxes:flowerfoxseed":10,"mekanismtools:lapis_lazuli_chestplate":1,"hmag:copper_nugget":4,"minecraft:magma_cream":8,"mob_grinding_utils:solid_xp_mould_blank":1,"minecraft:tuff":70,"minecraft:wither_skeleton_skull":5,"mysticalagriculture:lapis_lazuli_essence":4,"minecraft:lapis_lazuli":209,"minecraft:polished_granite":3,"minecraft:leather_boots":6,"minecraft:raw_gold":738,"extrastorage:block_262144k_fluid":1,"psychadelic:calciumacetate":1,"minecraft:mossy_stone_brick_stairs":2,"minecraft:oak_planks":65,"ironfurnaces:iron_furnace":4,"dragonmod:scarletbamboo":105,"botanypotstiers:ultra_black_terracotta_hopper_botany_pot":1,"mysticalagriculture:ironwood_essence":1,"mysticalagriculture:ice_essence":2,"hmag:scute_block":1,"minecraft:enderman_spawn_egg":2,"minecraft:sand":1623,"minecraft:lily_of_the_valley":21,"dragonmod:scarletbulb":12,"minecraft:light_gray_concrete":13,"securitycraft:reinforced_chiseled_quartz_block":1,"minecraft:spruce_boat":1,"minecraft:diamond":307,"minecraft:polished_blackstone_button":1,"hmag:burning_core":3,"minecraft:oak_sapling":302,"minecraft:nether_star":1,"minecraft:fishing_rod":5,"inventorypets:pet_enderman":2,"minecraft:turtle_helmet":2,"minecraft:wooden_pickaxe":1,"minecraft:gold_block":5,"minecraft:diamond_horse_armor":1,"functionalstorage:framed_controller_extension":1,"quark:bamboo_chest":1,"minecraft:iron_axe":2,"mysticalagriculture:apatite_essence":1,"minecraft:item_frame":2,"inventorypets:pet_cloud":2,"framedblocks:framed_cube":4,"aquaculture:bluegill":4,"minecraft:andesite_stairs":2,"minecraft:light_gray_wool":2,"minecraft:lectern":3,"minecraft:sugar_cane":46,"botanypotstiers:ultra_red_glazed_terracotta_hopper_botany_pot":1,"farmersdelight:golden_knife":1,"minecraft:phantom_membrane":12,"securitycraft:reinforced_mossy_stone_brick_stairs":1,"securitycraft:reinforced_cobblestone_stairs":1,"minecraft:dark_oak_sapling":9,"minecraft:raw_iron":669,"minecraft:copper_ingot":1,"mysticalagriculture:netherite_seeds":2,"biomesoplenty:wilted_lily":1,"mysticalagriculture:air_seeds":2,"mekanismtools:steel_chestplate":2,"minecraft:iron_horse_armor":1,"minecraft:dark_oak_planks":5,"sophisticatedstorage:gold_barrel":1,"minecraft:arrow":494,"biomesoplenty:palm_slab":1,"quark:black_shingles_slab":1,"minecraft:saddle":1,"mekanism:advanced_logistical_transporter":18,"dragonmod:egg_4":5,"mowziesmobs:umvuthana_mask_fury":3,"minecraft:salmon":1,"minecraft:glow_ink_sac":3,"biomesoplenty:goldenrod":93,"ironfurnaces:upgrade_iron":1,"minecraft:cobblestone_stairs":1,"immersive_aircraft:gyrodyne":27,"minecraft:wooden_hoe":1,"mekanismtools:steel_hoe":1,"quark:music_disc_crickets":2,"minecraft:fire_coral_block":1,"quark:deepslate_tile_vertical_slab":1,"botanypotstiers:ultra_purple_glazed_terracotta_botany_pot":1,"mysticalagriculture:nether_seeds":2,"minecraft:soul_sand":81,"mowziesmobs:umvuthana_mask_misery":3,"minecraft:acacia_sapling":2,"minecraft:book":218,"minecraft:scaffolding":20,"minecraft:birch_boat":1,"minecraft:chiseled_stone_bricks":5,"psychadelic:peyoteslice":6,"mekanismtools:lapis_lazuli_boots":2,"minecraft:gold_ore":4,"mekanism:raw_osmium":14,"minecraft:mossy_stone_brick_slab":4,"minecraft:spider_eye":265,"biomesoplenty:bramble":5,"mobcatcher:net":15,"mysticalagriculture:blizz_seeds":2,"minecraft:iron_helmet":1,"hmag:lemon":6,"mysticalagriculture:obsidian_seeds":1,"tombstone:magic_scroll":6,"minecraft:black_wool":12,"minecraft:coal":1815,"ironfurnaces:netherite_furnace":6},"minecraft:custom":{"minecraft:interact_with_crafting_table":41,"minecraft:play_time":1771659,"minecraft:deaths":25,"minecraft:jump":13404,"tombstone:kill_undead_boss":1,"tombstone:sneak_grave":5,"tombstone:undead_killed":311,"tombstone:raider_killed":61,"minecraft:time_since_rest":3533,"minecraft:swim_one_cm":347737,"minecraft:open_chest":686,"minecraft:open_shulker_box":1,"minecraft:damage_resisted":1606,"minecraft:talked_to_villager":5,"minecraft:interact_with_brewingstand":3,"minecraft:damage_dealt_resisted":5207,"minecraft:boat_one_cm":1086,"minecraft:damage_taken":1024047,"minecraft:open_barrel":210,"minecraft:bell_ring":38,"minecraft:eat_cake_slice":5,"minecraft:leave_game":48,"minecraft:time_since_death":405140,"minecraft:enchant_item":28,"minecraft:interact_with_furnace":495,"minecraft:sleep_in_bed":11,"minecraft:waystone_activated":1,"minecraft:damage_dealt":112608,"minecraft:interact_with_smithing_table":15,"minecraft:damage_dealt_absorbed":2697,"minecraft:sneak_time":86170,"minecraft:interact_with_lectern":6,"minecraft:total_world_time":1771659,"minecraft:use_wand":5869,"minecraft:fly_one_cm":5768222,"minecraft:fall_one_cm":984951,"lootr:looted_stat":121,"minecraft:sprint_one_cm":2502160,"minecraft:drop":621,"minecraft:walk_on_water_one_cm":151910,"minecraft:crouch_one_cm":308815,"minecraft:mob_kills":706,"minecraft:climb_one_cm":12604,"minecraft:walk_one_cm":2484711,"minecraft:walk_under_water_one_cm":238585,"minecraft:damage_absorbed":397},"minecraft:crafted":{"minecraft:obsidian":792,"minecraft:black_dye":5,"pipez:wrench":1,"functionalstorage:controller_extension":1,"minecraft:blaze_powder":52,"botanypots:terracotta_hopper_botany_pot":21,"dragonmod:hatchedobsidianfairydragon":1,"ironfurnaces:iron_furnace":10,"minecraft:diamond_shovel":3,"ironfurnaces:diamond_furnace":10,"minecraft:diamond_helmet":2,"compactmachines:wall":40,"easy_villagers:trader":12,"functionalstorage:configuration_tool":1,"inventorypets:nugget_obsidian":1,"dragonmod:dragontreat":9,"tiab:time_in_a_bottle":1,"minecraft:raw_gold_block":33,"minecraft:smithing_table":1,"ironfurnaces:augment_blasting":6,"mysticalagriculture:supremium_essence":19,"comforts:sleeping_bag_black":1,"mobcatcher:net":11,"constructionwand:core_angel":1,"quark:oak_chest":9,"advancednetherite:netherite_diamond_ingot":5,"minecraft:iron_pickaxe":1,"minecraft:netherite_ingot":84,"functionalstorage:dark_oak_4":72,"mysticalagriculture:infusion_crystal":1,"minecraft:golden_carrot":4,"minecraft:iron_nugget":189,"mysticalagradditions:insanium_farmland":3,"minecraft:spyglass":1,"minecraft:diamond_hoe":1,"botanypotstiers:creative_gray_concrete_hopper_botany_pot":1,"ironfurnaces:emerald_furnace":10,"minecraft:terracotta":109,"inventorypets:pet_blaze":9,"minecraft:stone_pickaxe":2,"mob_grinding_utils:mob_swab":6,"minecraft:quartz_slab":12,"minecraft:spruce_boat":1,"toms_storage:ts.inventory_connector":1,"quark:blossom_wood":12,"constructionwand:diamond_wand":2,"sophisticatedbackpacks:gold_backpack":4,"minecraft:dark_oak_button":1,"minecraft:orange_dye":8,"inventorypets:pet_pixie":1,"mob_grinding_utils:tank_sink":1,"inventorypets:pet_slime":1,"torchmaster:feral_flare_lantern":15,"minecraft:iron_shovel":1,"inventorypets:nugget_ender":63,"mekanismtools:diamond_paxel":3,"mekanismtools:iron_paxel":1,"minecraft:stone":0,"mob_grinding_utils:tank":1,"mutantmonsters:mutant_skeleton_arms":2,"minecraft:bow":1,"toms_storage:ts.storage_terminal":1,"minecraft:comparator":5,"immersive_aircraft:hull":2,"minecraft:chest":7,"minecraft:copper_block":11,"minecraft:ender_eye":5,"mekanism:advanced_crushing_factory":1,"mysticalagriculture:supremium_gemstone":1,"minecraft:dropper":20,"minecraft:scute":9,"mekanismtools:netherite_paxel":2,"mob_grinding_utils:gm_chicken_feed":1,"constructionwand:iron_wand":2,"tombstone:decorative_grave_simple":2,"ironfurnaces:obsidian_furnace":10,"simplemagnets:advancedmagnet":1,"minecraft:yellow_dye":6,"hmag:netherite_scrap_block":80,"minecraft:netherite_block":12,"mekanism:crusher":1,"minecraft:stick":24,"sophisticatedbackpacks:diamond_backpack":4,"minecraft:iron_ingot":533,"inventorypets:pet_meta_mob":2,"inventorypets:pet_cloud":1,"mekanism:basic_crushing_factory":1,"mysticalagriculture:master_infusion_crystal":1,"mysticalagriculture:imperium_essence":79,"minecraft:oak_door":3,"inventorypets:pet_nether_portal":1,"minecraft:netherite_sword":1,"mysticalagriculture:infusion_pedestal":8,"minecraft:furnace":75,"mysticalagriculture:prosperity_ingot":3,"minecraft:blast_furnace":7,"mysticalagradditions:nether_star_shard":100,"minecraft:flint_and_steel":1,"mutantmonsters:mutant_skeleton_chestplate":2,"quark:dark_oak_chest":100,"quark:acacia_chest":7,"mobcatcher:net_launcher":1,"ironbookshelves:emerald_bookshelf":16,"cgm:workbench":2,"aquaculture:wooden_fillet_knife":1,"sophisticatedstorage:iron_barrel":18,"inventorypets:pet_illuminati":6,"advancednetherite:netherite_emerald_ingot":10,"dimstorage:dim_core":2,"minecraft:magma_cream":10,"mysticalagriculture:prudentium_essence":1280,"constructionwand:infinity_wand":3,"hmag:emerald_fragment":9,"immersive_aircraft:enhanced_propeller":1,"advancednetherite:netherite_gold_ingot":15,"immersive_aircraft:improved_landing_gear":1,"elevatorid:elevator_white":5,"minecraft:nether_star":33,"pipez:energy_pipe":64,"mekanism:basic_infusing_factory":1,"botanypotstiers:creative_red_glazed_terracotta_hopper_botany_pot":1,"minecraft:dirt":192,"crafting_on_a_stick:crafting_table":2,"mekanism:upgrade_speed":24,"functionalstorage:copper_upgrade":2,"tombstone:dark_marble":6,"mysticalagriculture:infusion_altar":1,"mekanism:advanced_control_circuit":4,"minecraft:anvil":1,"minecraft:diamond_chestplate":2,"botanypotstiers:ultra_terracotta_hopper_botany_pot":1,"minecraft:light_gray_concrete_powder":1,"mekanism:ingot_osmium":0,"connectedglass:clear_glass":29,"pipez:improved_upgrade":23,"pipez:item_pipe":64,"connectedglass:borderless_glass":25,"mysticalagriculture:supremium_farmland":1,"minecraft:quartz_block":21,"minecraft:glass":128,"minecraft:repeater":18,"minecraft:diamond_leggings":2,"botanypotstiers:elite_terracotta_hopper_botany_pot":3,"mutantmonsters:mutant_skeleton_boots":2,"minecraft:chiseled_quartz_block":2,"compactmachines:personal_shrinking_device":1,"dimstorage:dimensional_chest":2,"minecraft:flower_pot":4,"dimstorage:dim_wall":16,"minecraft:glass_bottle":3,"toms_storage:ts.crafting_terminal":1,"minecraft:emerald":1,"minecraft:diamond_axe":3,"minecraft:clock":1,"minecraft:copper_ingot":20,"minecraft:hay_block":14,"immersive_aircraft:propeller":2,"minecraft:iron_block":12,"minecraft:gold_ingot":376,"sophisticatedstorage:diamond_barrel":18,"goldenfood:golden_bread":14,"minecraft:light_gray_dye":10,"mekanism:basic_logistical_transporter":128,"dragonmod:egghatcher":1,"minecraft:stone_shovel":2,"botanypotstiers:creative_black_terracotta_hopper_botany_pot":1,"mysticalagriculture:inferium_farmland":1,"ironfurnaces:netherite_furnace":6,"potionsmaster:pestle":1,"connectedglass:clear_glass_black":19,"mysticalagriculture:prosperity_block":1,"minecraft:bone_meal":19,"quark:blossom_chest":8,"minecraft:white_carpet":15,"mysticalagriculture:inferium_ingot":1,"functionalstorage:linking_tool":1,"potionsmaster:tile_mortar":1,"minecraft:diamond":18,"advancednetherite:netherite_diamond_sword":1,"quark:blossom_fence":1,"minecraft:ender_pearl":7,"minecraft:diamond_boots":2,"minecraft:redstone_block":149,"minecraft:dark_oak_planks":1309,"mekanism:block_raw_osmium":68,"minecraft:coal_block":1,"advancednetherite:netherite_iron_ingot":20,"simplemagnets:basicmagnet":1,"minecraft:glowstone":3,"mysticalagriculture:prosperity_gemstone":2,"botanypots:terracotta_botany_pot":9,"functionalstorage:storage_controller":1,"connectedglass:clear_glass_light_gray":1,"mekanism:advanced_infusing_factory":1,"minecraft:farmland":20,"inventorypets:pet_meta":1,"constructionwand:core_destruction":1,"minecraft:oak_planks":71,"compactmachines:machine_maximum":1,"irongenerators:diamond_generator":10,"sophisticatedstorage:barrel":18,"dragonmod:obsidiandust":4,"craft_a_cring_obsidian:lapisedobsidian":6,"minecraft:green_dye":4,"mysticalagriculture:prosperity_seed_base":12,"minecraft:hopper":25,"craft_a_cring_obsidian:smeltedlapisedobsidian":3,"mysticalagriculture:tertium_essence":323,"mutantmonsters:mutant_skeleton_rib_cage":2,"mysticalagradditions:insanium_essence":3,"botanypotstiers:creative_pink_terracotta_hopper_botany_pot":1,"sophisticatedstorage:gold_barrel":18,"mekanism:advanced_logistical_transporter":128,"minecraft:oak_slab":1,"dimstorage:solid_dim_core":2,"mekanism:block_osmium":1,"sophisticatedbackpacks:backpack":4,"quark:blossom_planks":478,"minecraft:crafting_table":7,"minecraft:spruce_planks":8,"minecraft:wooden_pickaxe":1,"toms_storage:ts.wireless_terminal":1,"minecraft:gold_block":82,"mekanismtools:stone_paxel":2,"minecraft:string":3,"minecraft:dark_oak_slab":60,"minecraft:diamond_pickaxe":5,"minecraft:emerald_block":1,"mekanism:steel_casing":3,"minecraft:redstone_torch":37,"minecraft:shears":1,"pipez:advanced_upgrade":23,"minecraft:redstone":1,"ironfurnaces:gold_furnace":10,"irongenerators:obsidian_generator":10,"immersive_aircraft:sail":2,"minecraft:enchanted_golden_apple":5,"minecraft:glass_pane":80,"minecraft:diamond_block":11,"mysticalagriculture:inferium_essence":4,"minecraft:leather":11,"minecraft:polished_deepslate":40,"minecraft:iron_axe":1,"minecraft:iron_hoe":1,"inventorypets:nugget_emerald":198,"trashcans:item_trash_can":1,"minecraft:netherite_scrap":99,"sophisticatedbackpacks:iron_backpack":3,"minecraft:red_dye":5,"editenchanting:enchantment_edit_table":1,"minecraft:cyan_dye":20,"mekanism:metallurgic_infuser":1,"framedblocks:framed_door":6,"minecraft:bucket":17,"minecraft:stone_axe":2,"botanypotstiers:creative_purple_glazed_terracotta_hopper_botany_pot":1,"minecraft:air":1536,"minecraft:blue_dye":4,"irongenerators:stone_generator":10,"mysticalagriculture:prudentium_farmland":1,"botanypotstiers:creative_terracotta_hopper_botany_pot":1,"minecraft:white_wool":47,"immersive_aircraft:gyrodyne":1,"framedblocks:framed_cube":10,"minecraft:gold_nugget":5,"irongenerators:iron_generator":10,"mekanism:upgrade_energy":24,"irongenerators:gold_generator":10,"minecraft:acacia_planks":14,"minecraft:lapis_block":3,"minecraft:clay":109,"pipez:basic_upgrade":23,"mutantmonsters:mutant_skeleton_leggings":1},"minecraft:killed":{"hmag:necrotic_reaper":2,"dragonmod:fairydragon_4":11,"minecraft:skeleton_horse":1,"minecraft:pillager":49,"minecraft:zombie":105,"mutantmonsters:mutant_creeper":2,"hmag:creeper_girl":10,"minecraft:vindicator":2,"hmag:skeleton_girl":21,"hmag:zombie_girl":23,"minecraft:husk":2,"minecraft:frog":2,"creeperoverhaul:savannah_creeper":2,"minecraft:zombified_piglin":2,"minecraft:witch":6,"minecraft:spider":95,"minecraft:wither":1,"minecraft:bee":1,"minecraft:piglin":1,"hmag:harpy":9,"alexsmobs:grizzly_bear":1,"minecraft:sheep":7,"minecraft:ghast":1,"mowziesmobs:umvuthana_raptor":6,"minecraft:giant":1,"minecraft:drowned":3,"hmag:ghost":12,"minecraft:squid":5,"mutantmonsters:mutant_enderman":1,"alexsmobs:cockroach":1,"minecraft:wither_skeleton":20,"hmag:cursed_doll":1,"hmag:wither_skeleton_girl":3,"minecraft:cave_spider":7,"hmag:fortress_keeper":3,"minecraft:skeleton":100,"creeperoverhaul:cave_creeper":3,"minecraft:magma_cube":4,"mutantmonsters:mutant_skeleton":1,"hmag:hornet":2,"hmag:dyssomnia":1,"hmag:melty_monster":6,"alexsmobs:seagull":3,"monsters_and_girls:blue_slime_girl":1,"epicsamurai:akaname":1,"hmag:kobold":2,"hmag:dodomeki":1,"minecraft:enderman":8,"creeperoverhaul:beach_creeper":2,"hmag:kasha":2,"hmag:wither_ghost":6,"minecraft:creeper":53,"alexsmobs:fly":4,"minecraft:blaze":22,"aquaculture:bluegill":4,"hmag:drowned_girl":1,"minecraft:phantom":4,"alexsmobs:bison":3,"mowziesmobs:umvuthana":2,"quark:foxhound":3,"creeperoverhaul:spruce_creeper":1,"minecraft:bat":1,"mowziesmobs:umvuthana_follower_raptor":23,"mutantmonsters:mutant_zombie":3}},"DataVersion":3120}