{"stats":{"minecraft:broken":{"minecraft:stone_sword":1,"minecraft:iron_boots":1,"minecraft:iron_chestplate":1,"minecraft:stone_pickaxe":1,"minecraft:shield":2,"minecraft:iron_axe":1,"minecraft:iron_pickaxe":1,"minecraft:turtle_helmet":1},"minecraft:killed_by":{"minecraft:husk":2,"mutantmonsters:mutant_zombie":1,"minecraft:player":1,"minecraft:creeper":7,"minecraft:spider":5,"hmag:zombie_girl":1,"hmag:creeper_girl":1,"mutantmonsters:mutant_creeper":2,"mowziesmobs:umvuthi":1,"hmag:hornet":1,"mutantmonsters:mutant_skeleton":1,"minecraft:skeleton":8,"minecraft:witch":1,"minecraft:zombie":4,"hmag:kobold":1,"hmag:skeleton_girl":1,"minecraft:cow":1,"mowziesmobs:umvuthana_raptor":1,"hmag:cursed_doll":3},"minecraft:custom":{"lootr:looted_stat":4,"minecraft:interact_with_anvil":3,"minecraft:mob_kills":72,"minecraft:interact_with_crafting_table":61,"minecraft:damage_dealt_resisted":0,"minecraft:leave_game":9,"minecraft:time_since_death":20389,"minecraft:climb_one_cm":1093,"minecraft:damage_resisted":0,"minecraft:sprint_one_cm":646057,"minecraft:walk_one_cm":1063552,"minecraft:damage_blocked_by_shield":6060,"minecraft:drop":18,"minecraft:damage_dealt_absorbed":17,"minecraft:play_time":372172,"minecraft:deaths":45,"minecraft:sneak_time":4398,"minecraft:walk_under_water_one_cm":16018,"minecraft:jump":5403,"minecraft:walk_on_water_one_cm":25788,"minecraft:total_world_time":372172,"minecraft:interact_with_furnace":19,"minecraft:sleep_in_bed":2,"minecraft:time_since_rest":20130,"minecraft:damage_taken":1014564,"minecraft:damage_absorbed":40,"tombstone:sneak_grave":1,"minecraft:damage_dealt":17032,"minecraft:swim_one_cm":25642,"minecraft:fly_one_cm":987476,"minecraft:open_chest":54,"minecraft:crouch_one_cm":12650,"tombstone:undead_killed":42,"minecraft:fall_one_cm":135664},"minecraft:used":{"minecraft:oak_fence":59,"minecraft:stone_sword":129,"minecraft:shield":223,"minecraft:rotten_flesh":16,"minecraft:iron_chestplate":2,"minecraft:torch":118,"minecraft:dirt":253,"minecraft:carrot":40,"minecraft:wooden_axe":11,"dragonmod:rubyore":11,"minecraft:iron_axe":184,"minecraft:oak_stairs":55,"minecraft:furnace":4,"tombstone:gift":2,"minecraft:iron_leggings":1,"minecraft:stone_pickaxe":203,"minecraft:oak_planks":337,"minecraft:wooden_pickaxe":33,"minecraft:diamond_axe":332,"minecraft:golden_apple":1,"minecraft:crafting_table":9,"minecraft:red_bed":1,"minecraft:oak_log":88,"minecraft:diamond_pickaxe":355,"minecraft:black_wool":3,"minecraft:apple":2,"minecraft:bread":15,"minecraft:iron_pickaxe":294,"tombstone:grave_key":4,"minecraft:stone_axe":27,"minecraft:diamond_sword":141,"minecraft:cobblestone":183,"minecraft:andesite":89,"quark:oak_chest":9,"minecraft:coarse_dirt":1},"minecraft:killed":{"minecraft:spider":18,"hmag:skeleton_girl":2,"minecraft:skeleton":13,"hmag:zombie_girl":3,"alexsmobs:blue_jay":1,"hmag:ghost":2,"minecraft:creeper":1,"minecraft:zombie":22,"hmag:ogre":1,"hmag:cursed_doll":2},"minecraft:dropped":{"minecraft:bread":1,"minecraft:stick":2,"mg_secrets_of_mermaids:of_mermaids_and_other_sea_monsters":2,"minecraft:wooden_axe":1,"minecraft:wooden_sword":1,"minecraft:iron_axe":1,"minecraft:string":4,"minecraft:stone_axe":1,"minecraft:stone_sword":1,"minecraft:diamond_sword":3,"minecraft:oak_sapling":35,"apotheosis:gem":2,"minecraft:wooden_pickaxe":1},"minecraft:crafted":{"minecraft:oak_planks":408,"minecraft:iron_nugget":1,"minecraft:furnace":4,"minecraft:diamond_leggings":1,"minecraft:iron_axe":1,"minecraft:stone_pickaxe":4,"minecraft:diamond_boots":1,"minecraft:oak_fence":75,"minecraft:diamond_sword":2,"minecraft:diamond_axe":1,"minecraft:crafting_table":8,"minecraft:wooden_pickaxe":2,"minecraft:stone_axe":2,"minecraft:air":368,"minecraft:jungle_planks":16,"minecraft:iron_chestplate":5,"minecraft:diamond_pickaxe":2,"minecraft:shield":2,"minecraft:stick":96,"quark:oak_chest":4,"minecraft:iron_ingot":24,"minecraft:iron_pickaxe":2,"minecraft:wooden_axe":2,"minecraft:oak_stairs":29,"minecraft:stone_sword":1,"minecraft:iron_leggings":1,"minecraft:torch":68},"minecraft:picked_up":{"minecraft:wooden_axe":1,"minecraft:coarse_dirt":1,"minecraft:crafting_table":1,"minecraft:turtle_helmet":1,"quark:music_disc_drips":1,"minecraft:diamond_sword":3,"minecraft:oak_stairs":24,"dragonmod:rubyore":11,"minecraft:enchanted_book":1,"tombstone:grave_key":1,"minecraft:shield":1,"minecraft:string":16,"minecraft:red_bed":1,"minecraft:iron_axe":1,"minecraft:raw_copper":11,"minecraft:item_frame":2,"butchersdelight:dead_cow":3,"quark:music_disc_ocean":1,"mysticalagriculture:inferium_essence":132,"minecraft:cobbled_deepslate":15,"minecraft:rose_bush":8,"minecraft:poppy":2,"minecraft:iron_pickaxe":1,"minecraft:iron_boots":1,"minecraft:furnace":1,"minecraft:stick":69,"minecraft:raw_iron":28,"apotheosis:gem":6,"mg_secrets_of_mermaids:of_mermaids_and_other_sea_monsters":3,"monsters_and_girls:monsters_and_girls_changelog":1,"minecraft:oak_fence":6,"minecraft:torch":26,"mysticalagriculture:prosperity_shard":51,"hmag:diamond_fragment":1,"sophisticatedbackpacks:backpack":1,"tombstone:grave_dust":2,"minecraft:diorite":14,"minecraft:carrot":51,"mekanism:raw_tin":38,"quark:ancient_tome":1,"butchersdelight:deadsheep":2,"minecraft:stone_sword":1,"minecraft:arrow":19,"minecraft:rotten_flesh":40,"hmag:ogre_horn":1,"minecraft:cobblestone":464,"minecraft:stripped_oak_log":2,"minecraft:leather_chestplate":1,"minecraft:air":0,"minecraft:basalt":1,"mekanism:raw_lead":6,"minecraft:jungle_log":4,"minecraft:andesite":121,"biomesoplenty:goldenrod":5,"alexsmobs:bear_fur":2,"butchersdelight:deadpig":3,"minecraft:oak_log":293,"minecraft:chainmail_chestplate":1,"minecraft:gunpowder":2,"minecraft:lapis_lazuli":8,"minecraft:dirt":434,"minecraft:paper":1,"tombstone:gift":1,"minecraft:name_tag":1,"minecraft:bone":12,"minecraft:apple":3,"minecraft:bow":1,"minecraft:wheat_seeds":8,"minecraft:iron_ingot":3,"artifacts:kitty_slippers":1,"tombstone:bag_of_seeds":1,"minecraft:oak_planks":141,"patchouli:guide_book":1,"hmag:soul_powder":10,"minecraft:gravel":5,"powah:uraninite_raw":10,"alexsmobs:animal_dictionary":1,"quark:oak_chest":6,"mekanism:raw_osmium":17,"minecraft:spider_eye":4,"minecraft:bundle":1,"minecraft:diamond":12,"minecraft:stone_axe":1,"minecraft:bread":1,"epicsamurai:ruby":8,"tombstone:magic_scroll":1,"minecraft:oak_sapling":110,"psychadelic:chemistrybook":1,"minecraft:black_wool":4,"minecraft:coal":42,"minecraft:ender_pearl":1},"minecraft:mined":{"mysticalagriculture:prosperity_ore":11,"powah:deepslate_uraninite_ore_dense":1,"biomesoplenty:desert_grass":1,"mekanism:deepslate_osmium_ore":11,"butchersdelight:deadsheepblock":2,"minecraft:grass_block":175,"minecraft:jungle_log":4,"mysticalagriculture:inferium_ore":8,"minecraft:iron_ore":17,"minecraft:andesite":119,"dragonmod:rubyore":11,"minecraft:oak_stairs":23,"minecraft:vine":1,"minecraft:deepslate_iron_ore":11,"minecraft:stripped_oak_log":2,"monsters_and_girls:urn_1":1,"minecraft:stone":429,"minecraft:deepslate_redstone_ore":1,"mekanism:osmium_ore":7,"quark:oak_chest":6,"biomesoplenty:wildflower":1,"minecraft:dandelion":1,"minecraft:oak_fence":9,"minecraft:crafting_table":1,"minecraft:torch":5,"minecraft:rose_bush":2,"mekanism:tin_ore":15,"minecraft:tall_grass":3,"minecraft:copper_ore":1,"minecraft:cobblestone":83,"minecraft:lapis_ore":1,"minecraft:oak_planks":123,"minecraft:diorite":14,"minecraft:wall_torch":11,"powah:deepslate_uraninite_ore_poor":1,"biomesoplenty:goldenrod":5,"butchersdelight:deadcowblock":2,"minecraft:grass":51,"minecraft:black_wool":2,"mekanism:deepslate_tin_ore":4,"minecraft:coal_ore":44,"minecraft:oak_log":265,"mekanism:lead_ore":3,"minecraft:gravel":8,"minecraft:dirt":93,"mysticalagriculture:deepslate_prosperity_ore":14,"minecraft:oak_leaves":56,"mysticalagriculture:deepslate_inferium_ore":11,"minecraft:deepslate":18,"epicsamurai:ruby_ore":8}},"DataVersion":3120}