{"stats":{"minecraft:killed_by":{"minecraft:piglin_brute":5,"minecraft:creeper":2,"minecraft:spider":4,"alexsmobs:straddler":4,"hmag:ogre":1,"minecraft:hoglin":2,"mutantmonsters:mutant_skeleton":1,"minecraft:skeleton":11,"minecraft:zombie":5,"alexsmobs:grizzly_bear":1,"hmag:dogu":1,"hmag:melty_monster":4,"hmag:ghastly_seeker":1},"minecraft:dropped":{"psychadelic:chemistrybook":1,"minecraft:enchanted_book":2,"minecraft:bread":4,"minecraft:porkchop":2,"minecraft:mossy_cobblestone":4,"minecraft:glass_bottle":7,"minecraft:iron_helmet":2,"minecraft:cobblestone":1,"minecraft:leather":1,"minecraft:coal":59,"minecraft:stick":6,"quark:cobblestone_bricks":36,"minecraft:torch":21,"minecraft:rose_bush":17,"minecraft:wooden_sword":1,"butchersdelight:deadpig":3,"artifacts:bunny_hoppers":2,"minecraft:dandelion":3,"minecraft:bone":5,"minecraft:gravel":9,"minecraft:bricks":7,"minecraft:blackstone":1,"minecraft:birch_sapling":1,"minecraft:rotten_flesh":32,"minecraft:diamond_sword":1,"minecraft:polished_granite_stairs":2,"minecraft:gunpowder":2,"minecraft:brick_stairs":1,"mysticalagriculture:inferium_essence":21,"apotheosis:gem":1,"minecraft:stone_bricks":6,"hmag:bat_wing":1,"minecraft:stone_pickaxe":1,"minecraft:magma_cream":1,"minecraft:netherrack":35},"minecraft:used":{"minecraft:iron_shovel":2,"minecraft:shield":186,"minecraft:cooked_chicken":1,"minecraft:rotten_flesh":2,"minecraft:netherrack":209,"minecraft:torch":62,"tombstone:scroll_of_preservation":2,"minecraft:dirt":26,"minecraft:golden_chestplate":1,"minecraft:honey_bottle":2,"minecraft:mossy_cobblestone_stairs":3,"minecraft:bricks":2,"minecraft:iron_boots":3,"minecraft:bow":49,"minecraft:furnace":2,"tombstone:gift":6,"minecraft:potato":2,"minecraft:cooked_mutton":1,"minecraft:mossy_stone_bricks":8,"quark:cobblestone_bricks":41,"minecraft:oak_planks":4,"minecraft:stone_pickaxe":79,"minecraft:baked_potato":4,"minecraft:blackstone":1,"minecraft:ender_pearl":1,"minecraft:wooden_pickaxe":25,"minecraft:polished_blackstone_bricks":8,"minecraft:cracked_stone_bricks":2,"minecraft:golden_apple":3,"minecraft:glow_berries":9,"minecraft:mossy_cobblestone":8,"minecraft:lime_bed":1,"minecraft:crafting_table":3,"hmag:randomberry":6,"minecraft:crossbow":15,"aquaculture:neptunium_axe":70,"minecraft:apple":3,"hmag:fire_bottle":1,"minecraft:bread":53,"minecraft:melon_slice":2,"minecraft:iron_pickaxe":727,"tombstone:magic_scroll":1,"tombstone:grave_key":29,"minecraft:gravel":8,"farmersdelight:ham":3,"hmag:cureberry":17,"minecraft:diamond_sword":692,"minecraft:wooden_sword":32,"minecraft:cobblestone":131,"minecraft:potion":8,"minecraft:cooked_porkchop":5,"minecraft:cooked_rabbit":2,"quark:oak_chest":1,"minecraft:stripped_oak_log":1,"hmag:iron_spear":15},"minecraft:custom":{"lootr:looted_stat":27,"minecraft:mob_kills":112,"minecraft:interact_with_crafting_table":32,"minecraft:damage_dealt_resisted":105,"minecraft:leave_game":6,"minecraft:time_since_death":133,"minecraft:climb_one_cm":28558,"minecraft:damage_resisted":3952,"minecraft:sprint_one_cm":436271,"minecraft:walk_one_cm":1232327,"minecraft:damage_blocked_by_shield":5779,"minecraft:drop":165,"minecraft:damage_dealt_absorbed":1039,"minecraft:talked_to_villager":1,"minecraft:strider_one_cm":473,"minecraft:play_time":312816,"minecraft:deaths":50,"minecraft:sneak_time":6130,"minecraft:walk_under_water_one_cm":31216,"minecraft:jump":3939,"minecraft:walk_on_water_one_cm":42479,"minecraft:total_world_time":312816,"minecraft:interact_with_furnace":7,"tombstone:raider_killed":1,"minecraft:sleep_in_bed":1,"minecraft:time_since_rest":1,"minecraft:damage_taken":21455,"minecraft:damage_absorbed":164,"minecraft:damage_dealt":18275,"tombstone:cast_on_ally":0,"minecraft:swim_one_cm":21754,"minecraft:fly_one_cm":332734,"minecraft:open_chest":47,"minecraft:crouch_one_cm":21533,"tombstone:undead_killed":48,"minecraft:fall_one_cm":262717},"minecraft:picked_up":{"minecraft:chainmail_boots":1,"minecraft:chicken":1,"artifacts:bunny_hoppers":3,"minecraft:lead":4,"minecraft:diamond_sword":3,"minecraft:gold_block":9,"minecraft:enchanted_book":4,"minecraft:string":8,"epicsamurai:jade":2,"minecraft:blackstone":2,"minecraft:cracked_stone_bricks":4,"mysticalagriculture:inferium_essence":38,"minecraft:tnt_minecart":1,"minecraft:gold_nugget":111,"hmag:bat_wing":1,"hmag:cureberry":10,"minecraft:rose_bush":17,"minecraft:poppy":1,"minecraft:iron_boots":2,"minecraft:furnace":1,"minecraft:stick":6,"minecraft:raw_iron":18,"minecraft:oak_fence":1,"minecraft:torch":52,"minecraft:spruce_stairs":4,"sophisticatedbackpacks:backpack":1,"minecraft:porkchop":6,"minecraft:polished_blackstone_bricks":8,"tombstone:grave_dust":11,"aquaculture:neptunium_axe":1,"minecraft:polished_granite_stairs":3,"minecraft:arrow":35,"minecraft:honey_bottle":1,"minecraft:rotten_flesh":35,"minecraft:beetroot_seeds":4,"minecraft:nether_bricks":16,"mekanismtools:lapis_lazuli_leggings":1,"minecraft:brick_stairs":1,"minecraft:mutton":1,"minecraft:iron_bars":6,"minecraft:cobblestone":167,"minecraft:oxeye_daisy":1,"minecraft:stripped_oak_log":2,"minecraft:lime_bed":1,"mekanismtools:lapis_lazuli_chestplate":1,"minecraft:feather":2,"minecraft:basalt":6,"minecraft:andesite":4,"minecraft:leather":1,"minecraft:flint":4,"butchersdelight:deadpig":3,"minecraft:oak_log":11,"minecraft:gunpowder":3,"butchersdelight:goat_fur":1,"minecraft:dirt":25,"tombstone:gift":1,"minecraft:polished_granite":2,"hmag:evil_crystal_fragment":1,"butchersdelight:deadchiken":1,"minecraft:bone":20,"minecraft:apple":67,"minecraft:stone_bricks":9,"minecraft:bow":2,"minecraft:wheat_seeds":4,"minecraft:iron_ingot":11,"minecraft:stone_pickaxe":1,"minecraft:mossy_stone_bricks":8,"minecraft:glass_bottle":3,"minecraft:iron_sword":1,"minecraft:honeycomb":1,"minecraft:oak_planks":7,"psychadelic:ls_dblotter":1,"hmag:soul_powder":2,"minecraft:dandelion":4,"minecraft:gravel":10,"powah:uraninite_raw":1,"hmag:iron_spear":1,"farmersdelight:ham":3,"minecraft:mossy_cobblestone":12,"quark:cobblestone_bricks":41,"minecraft:iron_helmet":3,"minecraft:mossy_cobblestone_stairs":3,"butchersdelight:deadllama":1,"minecraft:bread":49,"minecraft:oak_sapling":4,"minecraft:black_wool":1,"minecraft:netherrack":229,"minecraft:bricks":10,"minecraft:coal":64},"minecraft:crafted":{"minecraft:oak_planks":44,"minecraft:cooked_chicken":1,"minecraft:furnace":2,"minecraft:cooked_mutton":1,"minecraft:iron_boots":2,"quark:cobblestone_bricks":36,"minecraft:stone_pickaxe":1,"aquaculture:wooden_fillet_knife":1,"minecraft:golden_boots":1,"minecraft:cooked_porkchop":4,"minecraft:crafting_table":3,"minecraft:wooden_pickaxe":1,"minecraft:iron_helmet":1,"minecraft:iron_chestplate":1,"minecraft:golden_apple":2,"minecraft:stick":8,"quark:oak_chest":1,"minecraft:gold_ingot":6},"minecraft:mined":{"minecraft:nether_gold_ore":15,"mysticalagriculture:soulstone":1,"minecraft:mossy_cobblestone":3,"minecraft:nether_bricks":2,"biomesoplenty:bush":1,"minecraft:grass_block":4,"minecraft:brick_stairs":1,"minecraft:cracked_polished_blackstone_bricks":12,"minecraft:gilded_blackstone":1,"minecraft:spawner":13,"minecraft:polished_blackstone_bricks":21,"minecraft:furnace":1,"minecraft:fire":1,"minecraft:iron_ore":17,"minecraft:andesite":5,"minecraft:gold_block":11,"minecraft:vine":1,"minecraft:iron_bars":6,"powah:uraninite_ore_poor":1,"minecraft:stripped_oak_log":2,"denseores:dense_nether_quartz_ore":2,"minecraft:stone":139,"mekanism:osmium_ore":1,"minecraft:blackstone":11,"minecraft:basalt":6,"minecraft:dandelion":1,"quark:cobblestone_bricks":5,"minecraft:torch":10,"denseores:dense_nether_gold_ore":6,"minecraft:poppy":2,"minecraft:nether_quartz_ore":3,"minecraft:cobblestone":13,"denseores:dense_coal_ore":1,"mysticalagradditions:nether_inferium_ore":1,"minecraft:wall_torch":13,"minecraft:diorite":2,"farmersdelight:wild_beetroots":1,"minecraft:lime_bed":1,"minecraft:birch_leaves":2,"minecraft:grass":4,"minecraft:oak_log":11,"minecraft:coal_ore":57,"minecraft:gravel":6,"minecraft:dirt":4,"minecraft:cracked_stone_bricks":4,"minecraft:netherrack":449,"minecraft:mossy_stone_bricks":6,"minecraft:oak_leaves":14,"minecraft:deepslate":2},"minecraft:broken":{"mekanismtools:lapis_lazuli_leggings":2,"minecraft:golden_boots":1,"minecraft:iron_boots":2,"minecraft:iron_chestplate":2,"minecraft:shield":1,"minecraft:leather_boots":1,"minecraft:iron_pickaxe":1,"minecraft:iron_helmet":2,"minecraft:golden_chestplate":1},"minecraft:killed":{"minecraft:cave_spider":3,"minecraft:witch":1,"minecraft:spider":8,"hmag:skeleton_girl":6,"minecraft:skeleton":22,"hmag:zombie_girl":1,"alexsmobs:straddler":1,"aquaculture:perch":1,"minecraft:piglin_brute":2,"minecraft:magma_cube":25,"hmag:ghost":2,"quark:foxhound":4,"minecraft:bat":1,"epicsamurai:akaname":2,"hmag:wither_ghost":1,"hmag:hornet":1,"alexsmobs:crimson_mosquito":3,"hmag:kobold":1,"minecraft:zombie":15,"minecraft:wither_skeleton":1,"hmag:cursed_doll":1}},"DataVersion":3120}