{"stats":{"minecraft:killed_by":{"minecraft:player":2,"minecraft:creeper":1,"minecraft:spider":1,"hmag:creeper_girl":2,"minecraft:skeleton":1,"minecraft:zombie":1,"hmag:cursed_doll":3},"minecraft:dropped":{"apexguns:kraber":1,"minecraft:porkchop":2,"minecraft:wheat_seeds":2,"minecraft:oak_log":54,"minecraft:iron_helmet":1,"minecraft:granite":11,"minecraft:diorite":10,"tombstone:grave_dust":2,"inventorypets:pet_illuminati":2,"minecraft:string":1,"powah:uraninite_raw":10,"endrem:wither_eye":1,"minecraft:bone":2,"minecraft:gravel":33,"minecraft:stone_sword":1,"minecraft:raw_copper":14,"minecraft:tuff":64,"tombstone:gift":1,"minecraft:stone":2,"minecraft:andesite":7,"mysticalagriculture:inferium_essence":2,"minecraft:leather_boots":1,"artifacts:panic_necklace":1,"minecraft:chainmail_boots":1,"minecraft:stone_bricks":1,"minecraft:spider_eye":1,"mekanism:ingot_lead":1,"minecraft:bow":2},"minecraft:used":{"minecraft:stone_sword":73,"minecraft:iron_shovel":5,"minecraft:chiseled_deepslate":402,"minecraft:oak_sign":1,"minecraft:shield":8,"minecraft:iron_sword":26,"minecraft:rotten_flesh":5,"endrem:lost_eye":1,"minecraft:torch":132,"minecraft:dirt":213,"minecraft:chainmail_chestplate":2,"minecraft:tuff":22,"minecraft:granite":11,"hmag:exp_berry":6,"psychadelic:peyoteslice":3,"minecraft:iron_helmet":2,"minecraft:iron_boots":1,"psychadelic:ls_dblotter":2,"endrem:wither_eye":1,"psychadelic:weed_in_herb_pipe":9,"psychadelic:mdmapill":2,"minecraft:furnace":2,"tombstone:gift":2,"minecraft:cooked_beef":12,"minecraft:cobbled_deepslate":49,"minecraft:wheat_seeds":42,"psychadelic:dm_tpipe":2,"minecraft:stone_pickaxe":77,"minecraft:baked_potato":34,"minecraft:oak_planks":83,"minecraft:wooden_pickaxe":15,"minecraft:stonecutter":1,"minecraft:cracked_stone_bricks":1,"minecraft:golden_apple":1,"minecraft:crafting_table":6,"psychadelic:salviaextractinpipe":1,"minecraft:diamond_pickaxe":1468,"minecraft:apple":11,"minecraft:bread":22,"minecraft:iron_pickaxe":766,"tombstone:grave_key":17,"minecraft:golden_helmet":1,"minecraft:stone_axe":96,"minecraft:diamond_sword":266,"minecraft:wooden_sword":18,"minecraft:cobblestone":111,"minecraft:cooked_porkchop":2,"minecraft:smithing_table":1,"quark:oak_chest":3,"psychadelic:cb":10,"minecraft:cobweb":2,"minecraft:chainmail_leggings":2},"minecraft:custom":{"minecraft:interact_with_smithing_table":1,"lootr:looted_stat":33,"minecraft:mob_kills":106,"minecraft:interact_with_crafting_table":42,"minecraft:damage_dealt_resisted":0,"minecraft:leave_game":7,"minecraft:time_since_death":137106,"minecraft:climb_one_cm":26232,"minecraft:damage_resisted":0,"minecraft:sprint_one_cm":571924,"minecraft:walk_one_cm":800169,"minecraft:damage_blocked_by_shield":150,"minecraft:drop":41,"minecraft:play_time":291650,"minecraft:deaths":11,"minecraft:sneak_time":1326,"minecraft:walk_under_water_one_cm":14626,"minecraft:jump":3272,"minecraft:walk_on_water_one_cm":2986,"minecraft:enchant_item":17,"minecraft:total_world_time":291650,"minecraft:interact_with_furnace":28,"tombstone:raider_killed":1,"minecraft:interact_with_stonecutter":1,"minecraft:interact_with_grindstone":1,"minecraft:sleep_in_bed":1,"minecraft:time_since_rest":136648,"minecraft:damage_taken":7761,"minecraft:damage_absorbed":12,"minecraft:damage_dealt":21245,"minecraft:swim_one_cm":262,"minecraft:fly_one_cm":692198,"minecraft:open_chest":50,"minecraft:crouch_one_cm":1176,"tombstone:undead_killed":62,"minecraft:fall_one_cm":139442},"minecraft:picked_up":{"minecraft:chiseled_deepslate":18,"minecraft:crafting_table":3,"minecraft:wheat":39,"mekanism:raw_uranium":44,"artifacts:bunny_hoppers":1,"dragonmod:rubyore":13,"minecraft:stone_brick_wall":2,"psychadelic:hawaiian_baby_woodrose_seeds":12,"minecraft:brewing_stand":1,"minecraft:shield":1,"minecraft:string":29,"minecraft:raw_copper":53,"epicsamurai:jade":40,"psychadelic:cb":10,"minecraft:cracked_stone_bricks":2,"minecraft:tnt_minecart":1,"mysticalagriculture:inferium_essence":11,"minecraft:cobbled_deepslate":1530,"minecraft:spruce_planks":2,"minecraft:iron_nugget":14,"minecraft:poppy":1,"endrem:wither_eye":2,"farmersdelight:golden_knife":1,"minecraft:furnace":1,"psychadelic:weed_in_herb_pipe":9,"minecraft:stick":13,"minecraft:raw_iron":125,"apotheosis:gem":3,"artifacts:charm_of_sinking":1,"minecraft:torch":22,"mysticalagriculture:prosperity_shard":217,"psychadelic:dm_tpipe":2,"artifacts:vampiric_glove":1,"minecraft:porkchop":4,"tombstone:grave_dust":8,"minecraft:diorite":16,"psychadelic:salviaextractinpipe":1,"minecraft:redstone":185,"minecraft:stone_sword":1,"minecraft:arrow":27,"minecraft:rotten_flesh":25,"psychadelic:mdmapill":2,"artifacts:villager_hat":1,"mekanism:ingot_lead":1,"artifacts:panic_necklace":1,"minecraft:cobblestone":530,"minecraft:magma_block":3,"mekanism:raw_lead":29,"minecraft:glow_ink_sac":2,"minecraft:andesite":32,"biomesoplenty:goldenrod":1,"minecraft:leather":1,"minecraft:potato":64,"psychadelic:morning_glory_seeds":35,"minecraft:flint":18,"minecraft:tuff":189,"minecraft:oak_log":84,"minecraft:gunpowder":4,"inventorypets:nugget_emerald":22,"minecraft:lapis_lazuli":174,"minecraft:dirt":84,"tombstone:gift":1,"hmag:evil_crystal_fragment":1,"minecraft:leather_boots":1,"minecraft:bone":33,"minecraft:apple":2,"minecraft:stone_bricks":1,"minecraft:bow":6,"minecraft:wheat_seeds":114,"alexsmobs:cockroach_wing_fragment":1,"minecraft:raw_gold":94,"apexguns:kraber":1,"minecraft:mossy_stone_bricks":1,"epicsamurai:aquamarine":26,"minecraft:oak_planks":83,"psychadelic:ls_dblotter":2,"hmag:necrofiber":3,"psychadelic:pipe":1,"psychadelic:peyoteslice":3,"minecraft:red_wool":1,"mekanismtools:osmium_chestplate":1,"minecraft:gravel":49,"powah:uraninite_raw":12,"minecraft:spruce_sapling":1,"minecraft:spruce_log":2,"mekanism:raw_osmium":1,"minecraft:spider_eye":2,"minecraft:bundle":1,"inventorypets:pet_anvil":1,"minecraft:diamond":268,"mekanism:fluorite_gem":159,"minecraft:iron_helmet":1,"minecraft:granite":22,"inventorypets:pet_illuminati":2,"tombstone:magic_scroll":1,"minecraft:oak_sapling":14,"minecraft:netherrack":8,"minecraft:bricks":1,"minecraft:coal":158},"minecraft:crafted":{"minecraft:oak_planks":93,"minecraft:oak_sign":3,"minecraft:iron_nugget":74,"minecraft:furnace":2,"sophisticatedbackpacks:crafting_upgrade":1,"sophisticatedbackpacks:smelting_upgrade":1,"minecraft:leather":40,"minecraft:stone_pickaxe":2,"minecraft:netherite_scrap":28,"sophisticatedbackpacks:iron_backpack":1,"sophisticatedbackpacks:backpack":1,"minecraft:cooked_porkchop":2,"minecraft:crafting_table":6,"minecraft:spruce_planks":2,"minecraft:wooden_pickaxe":1,"minecraft:baked_potato":32,"minecraft:iron_sword":1,"minecraft:smithing_table":1,"sophisticatedbackpacks:gold_backpack":1,"minecraft:stone_axe":1,"sophisticatedbackpacks:upgrade_base":3,"minecraft:bread":13,"minecraft:air":303,"minecraft:diamond_pickaxe":1,"sophisticatedbackpacks:diamond_backpack":1,"minecraft:stick":72,"quark:oak_chest":5,"minecraft:iron_ingot":11,"minecraft:stonecutter":1,"minecraft:stone_sword":1,"minecraft:gold_ingot":3,"minecraft:netherite_ingot":1,"sophisticatedbackpacks:netherite_backpack":1,"minecraft:torch":14},"minecraft:mined":{"minecraft:tuff":189,"minecraft:spruce_planks":2,"minecraft:deepslate_diamond_ore":4,"denseores:dense_deepslate_copper_ore":2,"minecraft:brewing_stand":1,"denseores:dense_deepslate_lapis_ore":4,"minecraft:granite":17,"minecraft:grass_block":6,"minecraft:spruce_leaves":17,"denseores:dense_deepslate_iron_ore":9,"minecraft:oxeye_daisy":1,"minecraft:spawner":2,"epicsamurai:deepslate_jade_ore":8,"minecraft:magma_block":3,"minecraft:furnace":1,"minecraft:fire":30,"minecraft:iron_ore":18,"minecraft:cobbled_deepslate":6,"minecraft:andesite":16,"minecraft:chiseled_deepslate":18,"minecraft:deepslate_lapis_ore":6,"denseores:dense_deepslate_redstone_ore":2,"dragonmod:rubyore":13,"denseores:dense_deepslate_gold_ore":11,"minecraft:deepslate_iron_ore":6,"powah:uraninite_ore_poor":3,"minecraft:stone":347,"mekanism:deepslate_lead_ore":5,"minecraft:deepslate_redstone_ore":20,"mekanism:osmium_ore":1,"epicsamurai:deepslate_aquamarine_ore":7,"minecraft:crafting_table":3,"minecraft:torch":15,"minecraft:rose_bush":1,"mekanism:tin_ore":2,"minecraft:copper_ore":2,"denseores:dense_coal_ore":4,"minecraft:tall_grass":7,"minecraft:cobblestone":41,"minecraft:lapis_ore":1,"minecraft:oak_planks":19,"minecraft:diorite":13,"minecraft:wall_torch":2,"biomesoplenty:goldenrod":8,"mekanism:fluorite_ore":1,"denseores:dense_deepslate_diamond_ore":13,"minecraft:wheat":40,"minecraft:grass":8,"minecraft:oak_log":58,"minecraft:coal_ore":63,"mekanism:lead_ore":1,"mekanism:deepslate_uranium_ore":19,"minecraft:gravel":22,"mekanism:deepslate_fluorite_ore":13,"minecraft:dirt":25,"minecraft:cobweb":16,"mysticalagriculture:deepslate_prosperity_ore":20,"minecraft:cracked_stone_bricks":1,"minecraft:oak_leaves":5,"minecraft:deepslate":1352},"minecraft:broken":{"minecraft:golden_helmet":1},"minecraft:killed":{"hmag:necrotic_reaper":2,"minecraft:cave_spider":1,"hmag:creeper_girl":2,"minecraft:spider":14,"alexsmobs:murmur":1,"hmag:drowned_girl":1,"hmag:skeleton_girl":3,"quark:toretoise":2,"minecraft:phantom":1,"minecraft:skeleton":24,"hmag:zombie_girl":3,"artifacts:mimic":2,"hmag:ghost":3,"minecraft:zombie_villager":1,"quark:foxhound":1,"minecraft:creeper":10,"alexsmobs:cockroach":3,"minecraft:zombie":23,"hmag:cursed_doll":1}},"DataVersion":3120}