{"stats":{"minecraft:used":{"minecraft:wooden_sword":7},"minecraft:mined":{"minecraft:grass_block":2},"minecraft:picked_up":{"minecraft:wooden_sword":1,"minecraft:oak_log":1,"minecraft:dirt":18},"minecraft:custom":{"minecraft:time_since_rest":783,"minecraft:crouch_one_cm":144,"minecraft:play_time":17014,"minecraft:deaths":5,"minecraft:damage_taken":1547,"minecraft:walk_one_cm":45085,"minecraft:sneak_time":61,"minecraft:walk_under_water_one_cm":4917,"minecraft:drop":1,"minecraft:damage_dealt_resisted":0,"minecraft:jump":141,"minecraft:damage_dealt":144,"minecraft:leave_game":2,"minecraft:walk_on_water_one_cm":3204,"minecraft:time_since_death":0,"minecraft:total_world_time":17014,"minecraft:damage_resisted":970,"minecraft:fall_one_cm":685,"minecraft:fly_one_cm":1814},"minecraft:dropped":{"minecraft:wooden_sword":1},"minecraft:killed_by":{"minecraft:skeleton":1,"hmag:cursed_doll":1,"minecraft:zombie":2,"minecraft:drowned":1}},"DataVersion":3120}