{"stats":{"minecraft:used":{"apexguns:kraber":16,"cataclysm:mechanical_fusion_anvil":1,"minecraft:grass_block":9},"minecraft:custom":{"minecraft:time_since_rest":43221,"minecraft:open_chest":3,"minecraft:interact_with_smithing_table":2,"minecraft:crouch_one_cm":3211,"minecraft:play_time":43221,"minecraft:sprint_one_cm":12039,"tombstone:undead_killed":3,"minecraft:damage_taken":10,"minecraft:walk_one_cm":18333,"minecraft:sneak_time":1277,"minecraft:walk_under_water_one_cm":1129,"minecraft:mob_kills":9,"minecraft:jump":79,"minecraft:leave_game":1,"minecraft:walk_on_water_one_cm":129,"minecraft:time_since_death":43221,"minecraft:total_world_time":45527,"minecraft:interact_with_crafting_table":2,"minecraft:fly_one_cm":592932},"minecraft:killed":{"alexsmobs:blue_jay":1,"minecraft:frog":3,"minecraft:zombie":3,"minecraft:creeper":2}},"DataVersion":3120}