{"stats":{"minecraft:killed_by":{"minecraft:piglin_brute":1,"hmag:zombie_girl":1,"mutantmonsters:mutant_creeper":1,"hmag:melty_monster":2,"hmag:imp":1,"cataclysm:netherite_monstrosity":2,"minecraft:wither_skeleton":1,"alexsmobs:bone_serpent":1,"minecraft:spider":1,"epicsamurai:akaname":1,"minecraft:skeleton":4,"alexsmobs:crimson_mosquito":1,"hmag:skeleton_girl":1},"minecraft:dropped":{"minecraft:iron_sword":2,"minecraft:lapis_lazuli":39,"minecraft:glass_bottle":1,"minecraft:cooked_porkchop":1,"minecraft:dirt":846,"minecraft:raw_copper_block":2,"hmag:spectral_soup":1,"minecraft:gold_nugget":80,"minecraft:phantom_membrane":1,"minecraft:sand":27,"mysticalagriculture:soulstone_cobble":6,"inventorypets:pet_cloud":1,"minecraft:bone":51,"mysticalagriculture:tertium_crossbow":2,"psychadelic:mixture_ina_separatory_funnel":1,"minecraft:diamond_block":42,"minecraft:iron_nugget":27,"minecraft:cobbled_deepslate":179,"minecraft:obsidian":2,"tombstone:gift":1,"minecraft:rotten_flesh":106,"dragonmod:rubyore":4,"mekanism:raw_tin":1,"mysticalagriculture:inferium_essence":19,"apotheosis:gem":5,"minecraft:golden_boots":1,"endrem:witch_pupil":1,"minecraft:cobblestone":223,"minecraft:granite":84,"minecraft:coal":126,"quark:soul_bead":5,"quark:jasper":21,"minecraft:string":4,"hmag:evil_crystal_fragment":5,"powah:uraninite_raw":10,"minecraft:soul_soil":8,"minecraft:netherite_ingot":10,"minecraft:stone_sword":1,"advancednetherite:netherite_gold_sword":2,"psychadelic:peyoteslice":7,"minecraft:diamond_sword":1,"minecraft:potato":165,"mutantmonsters:mutant_skeleton_limb":1,"minecraft:diamond_pickaxe":1,"minecraft:sandstone":26,"minecraft:bow":1,"minecraft:magma_block":3,"alexsmobs:straddlite":1,"minecraft:soul_sand":1,"psychadelic:pipe":1,"minecraft:baked_potato":12,"minecraft:golden_pickaxe":1,"minecraft:leather":9,"minecraft:flint":1,"tombstone:bag_of_seeds":1,"aquaculture:neptunium_axe":3,"epicsamurai:jade":1,"minecraft:gilded_blackstone":5,"minecraft:gravel":4,"minecraft:chiseled_stone_bricks":1,"farmersdelight:cutting_board":1,"advancednetherite:netherite_diamond_sword":2,"advancednetherite:netherite_diamond_pickaxe":1,"minecraft:basalt":3,"minecraft:arrow":17,"minecraft:netherrack":253,"minecraft:bread":13,"inventorypets:pet_anvil":2,"ironfurnaces:upgrade_iron":1,"mysticalagriculture:soulium_dust":34,"minecraft:diorite":2,"minecraft:torch":11,"alexsmobs:dropbear_claw":1,"tombstone:grave_dust":3,"psychadelic:ls_dblotter":1,"mysticalagriculture:prosperity_shard":4,"butchersdelight:deadhoglin":1,"inventorypets:pet_illuminati":1,"inventorypets:nugget_emerald":22,"minecraft:blaze_rod":12,"minecraft:raw_copper":71,"mekanismtools:osmium_chestplate":1,"minecraft:iron_chestplate":1,"minecraft:mossy_stone_bricks":8,"minecraft:golden_leggings":1,"minecraft:golden_sword":1,"minecraft:magma_cream":4},"minecraft:custom":{"minecraft:interact_with_crafting_table":139,"minecraft:open_barrel":7,"minecraft:eat_cake_slice":4,"minecraft:leave_game":14,"minecraft:time_since_death":599697,"minecraft:damage_blocked_by_shield":4735,"minecraft:play_time":949037,"minecraft:deaths":21,"minecraft:jump":12270,"tombstone:kill_undead_boss":3,"minecraft:enchant_item":43,"minecraft:interact_with_furnace":122,"minecraft:sleep_in_bed":1,"minecraft:waystone_activated":1,"tombstone:sneak_grave":1,"minecraft:damage_dealt":183790,"tombstone:undead_killed":372,"minecraft:interact_with_smithing_table":20,"minecraft:damage_dealt_absorbed":1240,"minecraft:sneak_time":60253,"minecraft:total_world_time":949037,"tombstone:raider_killed":350,"minecraft:time_since_rest":599451,"minecraft:swim_one_cm":263112,"minecraft:fly_one_cm":4724916,"minecraft:open_chest":121,"minecraft:fall_one_cm":302247,"lootr:looted_stat":103,"minecraft:damage_resisted":10537,"minecraft:sprint_one_cm":1587131,"minecraft:drop":168,"minecraft:talked_to_villager":8,"minecraft:walk_on_water_one_cm":112070,"minecraft:open_enderchest":4,"minecraft:interact_with_beacon":7,"minecraft:player_kills":2,"minecraft:crouch_one_cm":176532,"minecraft:mob_kills":971,"minecraft:damage_dealt_resisted":6200,"minecraft:climb_one_cm":11198,"minecraft:walk_one_cm":2753917,"minecraft:walk_under_water_one_cm":110034,"minecraft:raid_trigger":1,"minecraft:interact_with_grindstone":1,"minecraft:damage_taken":19077,"minecraft:damage_absorbed":524},"minecraft:used":{"framedblocks:framed_activator_rail_slope":2,"minecraft:stone":3,"minecraft:rotten_flesh":19,"compactmachines:machine_tiny":1,"botanypotstiers:elite_pink_glazed_terracotta_botany_pot":1,"minecraft:soul_sand":12,"botanypotstiers:creative_black_terracotta_botany_pot":1,"botanypotstiers:ultra_pink_terracotta_hopper_botany_pot":1,"cataclysm:infernal_forge":11,"minecraft:lava_bucket":1,"botanypotstiers:ultra_brown_glazed_terracotta_hopper_botany_pot":1,"minecraft:furnace":5,"minecraft:oak_sapling":39,"minecraft:emerald_ore":5,"minecraft:diorite":3,"psychadelic:dm_tpipe":1,"minecraft:spruce_door":2,"minecraft:wooden_pickaxe":18,"ironbookshelves:obsidian_bookshelf":16,"ironbookshelves:diamond_bookshelf":34,"minecraft:golden_apple":14,"psychadelic:salviaextractinpipe":1,"denseores:dense_diamond_ore":3,"minecraft:diamond_ore":1,"botanypotstiers:elite_brown_concrete_hopper_botany_pot":1,"minecraft:diamond_sword":649,"minecraft:wooden_sword":1,"minecraft:smithing_table":1,"minecraft:stone_sword":222,"framedblocks:framed_slab":276,"botanypotstiers:elite_black_glazed_terracotta_hopper_botany_pot":1,"minecraft:wither_skeleton_spawn_egg":1,"botanypotstiers:creative_brown_glazed_terracotta_hopper_botany_pot":1,"minecraft:cooked_salmon":7,"minecraft:netherrack":894,"minecraft:torch":168,"ironfurnaces:diamond_furnace":3,"minecraft:nether_quartz_ore":1,"casinocraft:arcade_slot_light_blue":1,"sophisticatedbackpacks:netherite_backpack":1,"aquaculture:muskellunge":1,"advancednetherite:netherite_diamond_pickaxe":42468,"psychadelic:ls_dblotter":2,"mekanism:teleporter_frame":1,"minecraft:diamond_chestplate":2,"tombstone:gift":5,"minecraft:cobbled_deepslate":349,"minecraft:water_bucket":467,"minecraft:cracked_stone_bricks":2,"hmag:netherite_scrap_block":21,"minecraft:mossy_cobblestone":1,"minecraft:diamond_block":147,"minecraft:tnt":4,"minecraft:crafting_table":10,"botanypots:cyan_terracotta_hopper_botany_pot":1,"minecraft:cod":1,"minecraft:diamond_pickaxe":82235,"minecraft:iron_pickaxe":16,"quark:waxed_weathered_cut_copper_vertical_slab":1,"minecraft:spruce_sapling":58,"botanypotstiers:ultra_purple_glazed_terracotta_botany_pot":1,"advancednetherite:netherite_gold_sword":630,"enchantinginfuser:enchanting_infuser":2,"minecraft:cobblestone":483,"minecraft:potion":4,"psychadelic:hawaiian_baby_woodrose_seeds":18,"minecraft:diamond_leggings":3,"advancednetherite:netherite_diamond_sword":242,"advancednetherite:netherite_iron_pickaxe":8512,"minecraft:oak_sign":3,"minecraft:shield":132,"minecraft:iron_sword":19,"minecraft:spruce_leaves":428,"minecraft:tuff":52,"enchantinginfuser:advanced_enchanting_infuser":1,"minecraft:obsidian":38,"minecraft:glass":2,"botanypotstiers:ultra_gray_concrete_hopper_botany_pot":1,"framedblocks:framed_ladder":2,"minecraft:stone_bricks":24,"minecraft:magma_block":4,"endrem:wither_eye":5,"ironbookshelves:netherite_bookshelf":6,"minecraft:diamond_boots":3,"minecraft:wither_skeleton_skull":10,"minecraft:stone_pickaxe":245,"minecraft:oak_planks":42,"minecraft:ender_pearl":2,"minecraft:sandstone":4,"minecraft:diamond_axe":1385,"connectedglass:borderless_glass_green":1,"minecraft:shears":2735,"easy_villagers:villager":1,"minecraft:bread":126,"tombstone:grave_key":10,"minecraft:gravel":3,"ironbookshelves:emerald_bookshelf":1,"minecraft:grindstone":3,"minecraft:andesite":7,"minecraft:bone_meal":69,"minecraft:jungle_leaves":1,"minecraft:waxed_weathered_copper":1,"minecraft:flint_and_steel":4,"powah:ender_cell_blazing":1,"minecraft:dried_kelp":13,"minecraft:dirt":757,"minecraft:diamond_helmet":3,"botanypotstiers:creative_red_terracotta_hopper_botany_pot":1,"hmag:soul_apple":1,"psychadelic:peyoteslice":3,"minecraft:emerald_block":25,"psychadelic:mdmapill":4,"minecraft:netherite_pickaxe":39004,"ironbookshelves:golden_bookshelf":6,"securitycraft:bouncing_betty":1,"tombstone:decorative_grave_original":1,"minecraft:spruce_sign":4,"minecraft:beacon":3,"minecraft:apple":1,"mekanism:ultimate_enriching_factory":1,"botanypotstiers:ultra_red_glazed_terracotta_hopper_botany_pot":1,"minecraft:bucket":469,"minecraft:wither_rose":2,"psychadelic:cb":2},"minecraft:picked_up":{"butchersdelight:deadhoglin":2,"minecraft:iron_chestplate":4,"minecraft:flower_pot":1,"mekanism:raw_uranium":6,"minecraft:diamond_sword":1,"minecraft:oak_stairs":2,"minecraft:wither_rose":2,"advancednetherite:netherite_diamond_pickaxe":1,"minecraft:golden_sword":1,"minecraft:amethyst_block":102,"farmersdelight:cutting_board":1,"minecraft:string":84,"minecraft:soul_soil":74,"minecraft:red_nether_bricks":2,"minecraft:beetroot":1,"minecraft:waxed_weathered_copper":1,"mysticalagriculture:inferium_essence":520,"minecraft:gold_nugget":402,"minecraft:cobbled_deepslate":3859,"minecraft:spruce_planks":11,"ironbookshelves:golden_bookshelf":6,"endrem:wither_eye":8,"sophisticatedbackpacks:netherite_backpack":1,"minecraft:coal_block":4,"minecraft:diamond_ore":1,"mekanism:tin_ore":4,"mysticalagriculture:prosperity_shard":298,"minecraft:golden_axe":1,"mekanism:raw_tin":78,"minecraft:stone_sword":12,"minecraft:honey_bottle":3,"psychadelic:mdmapill":4,"minecraft:blue_dye":1,"botanypotstiers:creative_red_terracotta_hopper_botany_pot":1,"minecraft:blaze_rod":103,"minecraft:iron_bars":21,"minecraft:magma_block":83,"minecraft:mossy_cobblestone_slab":2,"minecraft:feather":3,"botanypotstiers:ultra_pink_terracotta_hopper_botany_pot":1,"minecraft:iron_door":1,"mekanism:fluorite_ore":1,"minecraft:jungle_wood":12,"denseores:dense_lapis_ore":1,"minecraft:flint":141,"minecraft:map":1,"minecraft:lantern":1,"botanypotstiers:elite_pink_glazed_terracotta_botany_pot":1,"framedblocks:framed_ladder":2,"mysticalagriculture:soulium_dust":68,"quark:soul_bead":5,"minecraft:diamond_helmet":2,"botanypotstiers:ultra_brown_glazed_terracotta_hopper_botany_pot":1,"minecraft:glowstone_dust":3,"minecraft:honeycomb":2,"quark:dirt_bricks_slab":1,"psychadelic:mixture_ina_separatory_funnel":1,"minecraft:warped_wart_block":2,"sophisticatedbackpacks:iron_backpack":1,"botanypots:magenta_concrete_hopper_botany_pot":1,"minecraft:dark_oak_log":1,"botanypotstiers:creative_black_terracotta_botany_pot":1,"quark:jasper":21,"minecraft:wither_skeleton_spawn_egg":1,"minecraft:bundle":3,"minecraft:lever":1,"enchantinginfuser:enchanting_infuser":2,"minecraft:granite":218,"minecraft:bread":19,"minecraft:crimson_roots":6,"minecraft:diamond_pickaxe":1,"minecraft:spruce_leaves":2185,"minecraft:coarse_dirt":3,"minecraft:crafting_table":7,"minecraft:golden_pickaxe":1,"minecraft:leather_leggings":3,"psychadelic:hawaiian_baby_woodrose_seeds":15,"minecraft:cornflower":2,"minecraft:red_bed":2,"minecraft:netherite_scrap":811,"epicsamurai:jade":16,"minecraft:iron_shovel":1,"minecraft:cracked_stone_bricks":15,"mekanism:teleporter_frame":2,"minecraft:jungle_sapling":1,"minecraft:iron_nugget":21,"ironfurnaces:diamond_furnace":1,"minecraft:spruce_slab":8,"botanypotstiers:elite_black_glazed_terracotta_hopper_botany_pot":1,"botanypotstiers:elite_gray_terracotta_botany_pot":1,"minecraft:chest":1,"minecraft:birch_sapling":3,"minecraft:raw_copper_block":2,"minecraft:copper_ore":2,"minecraft:sandstone":30,"minecraft:stone":3,"alexsmobs:straddlite":1,"psychadelic:dm_tpipe":1,"sophisticatedbackpacks:backpack":3,"mekanism:ultimate_enriching_factory":1,"denseores:dense_diamond_ore":3,"minecraft:redstone":64,"aquaculture:neptunium_axe":3,"minecraft:tnt":4,"minecraft:diamond_chestplate":1,"minecraft:peony":2,"tombstone:essence_of_undeath":2,"minecraft:gold_ingot":1,"minecraft:totem_of_undying":1,"minecraft:emerald_ore":5,"hmag:mysterious_petal":1,"minecraft:oxeye_daisy":6,"minecraft:stripped_oak_log":5,"mekanism:raw_lead":83,"minecraft:blackstone_slab":1,"minecraft:oak_log":219,"minecraft:ancient_debris":9,"framedblocks:framed_slab":2,"refinedstorage:light_gray_crafting_grid":1,"mutantmonsters:mutant_skeleton_limb":2,"alexsmobs:mosquito_proboscis":1,"minecraft:paper":8,"minecraft:white_banner":14,"butchersdelight:deadchiken":2,"connectedglass:borderless_glass_green":1,"minecraft:apple":6,"minecraft:stone_bricks":76,"mowziesmobs:umvuthana_mask_rage":1,"minecraft:warped_stem":1,"tombstone:bag_of_seeds":2,"minecraft:glass_bottle":7,"ironbookshelves:obsidian_bookshelf":6,"minecraft:iron_sword":2,"psychadelic:ls_dblotter":3,"framedblocks:framed_gate":1,"minecraft:smooth_basalt":26,"endrem:witch_pupil":1,"mekanismtools:refined_obsidian_paxel":1,"minecraft:gravel":135,"powah:uraninite_raw":17,"minecraft:spruce_sapling":98,"minecraft:spruce_log":1092,"minecraft:crying_obsidian":6,"minecraft:leather_helmet":2,"minecraft:coal_ore":1,"securitycraft:reinforced_mud_brick_wall":1,"minecraft:stone_axe":2,"denseores:dense_gold_ore":1,"inventorypets:pet_illuminati":1,"mowziesmobs:umvuthana_mask_fear":1,"minecraft:baked_potato":12,"mekanismtools:lapis_lazuli_pickaxe":1,"cataclysm:monstrous_horn":1,"dragonmod:rubyore":7,"minecraft:nether_brick":12,"minecraft:stone_brick_stairs":19,"securitycraft:reinforced_oak_planks":1,"aquaculture:muskellunge":1,"minecraft:waxed_cut_copper_slab":1,"minecraft:raw_copper":210,"botanypots:cyan_terracotta_hopper_botany_pot":1,"minecraft:iron_leggings":1,"immersive_aircraft:bomb_bay":1,"minecraft:oak_sign":2,"alexsmobs:dropbear_claw":1,"alexsmobs:blood_sac":5,"compactmachines:machine_tiny":1,"securitycraft:keycard_lv1":1,"minecraft:rose_bush":3,"minecraft:redstone_torch":1,"botanypotstiers:ultra_yellow_terracotta_botany_pot":1,"minecraft:calcite":31,"minecraft:iron_boots":1,"minecraft:furnace":2,"tombstone:scroll_of_lightning_resistance":1,"minecraft:stick":83,"apotheosis:gem":31,"tombstone:decorative_grave_original":1,"minecraft:oak_fence":1,"minecraft:torch":33,"minecraft:spruce_stairs":2,"tombstone:grave_dust":17,"minecraft:diorite":457,"psychadelic:salviaextractinpipe":1,"minecraft:vine":4,"hmag:netherite_scrap_block":15,"minecraft:light_gray_banner":1,"minecraft:rotten_flesh":198,"minecraft:obsidian":186,"minecraft:cobblestone":3034,"minecraft:leather_chestplate":3,"hmag:copper_nugget":2,"minecraft:lilac":1,"minecraft:magma_cream":11,"alexsmobs:gustmaker":1,"minecraft:andesite":330,"mekanismtools:lapis_lazuli_helmet":2,"minecraft:golden_leggings":1,"minecraft:beacon":3,"minecraft:potato":101,"botanypotstiers:elite_brown_concrete_hopper_botany_pot":1,"minecraft:tuff":292,"powah:ender_cell_blazing":1,"minecraft:wither_skeleton_skull":11,"minecraft:lapis_lazuli":246,"minecraft:dirt":1806,"hmag:evil_crystal_fragment":30,"minecraft:leather_boots":2,"advancednetherite:netherite_gold_sword":2,"minecraft:glass":2,"minecraft:bone":508,"minecraft:bow":3,"minecraft:wheat_seeds":38,"minecraft:raw_gold":353,"minecraft:grindstone":2,"minecraft:mossy_stone_bricks":38,"mekanism:osmium_ore":2,"functionalstorage:ender_drawer":1,"minecraft:mossy_stone_brick_stairs":1,"dragonmod:scarletbamboo":64,"botanypotstiers:creative_cyan_concrete_hopper_botany_pot":1,"hmag:soul_powder":4,"mekanismtools:osmium_chestplate":1,"minecraft:black_stained_glass_pane":1,"minecraft:sand":440,"comforts:hammock_blue":1,"minecraft:diamond_block":3,"minecraft:nether_brick_stairs":24,"minecraft:lily_of_the_valley":1,"hmag:kobold_leather":2,"minecraft:mossy_cobblestone":25,"dragonmod:scarletbulb":2,"minecraft:jungle_leaves":211,"cataclysm:music_disc_netherite_monstrosity":1,"tombstone:familiar_stone":1,"minecraft:diamond":2108,"inventorypets:pet_magma_cube":1,"minecraft:cracked_polished_blackstone_bricks":1,"quark:music_disc_clock":1,"minecraft:crossbow":20,"minecraft:spruce_sign":4,"minecraft:emerald":425,"minecraft:oak_sapling":66,"minecraft:netherrack":4074,"minecraft:oak_leaves":90,"minecraft:nether_star":2,"ironbookshelves:emerald_bookshelf":16,"advancednetherite:netherite_diamond_sword":2,"mysticalagriculture:soulstone_cobble":351,"mysticalagriculture:tertium_crossbow":2,"quark:midori_block":1,"minecraft:gold_block":7,"minecraft:chain":1,"minecraft:shield":5,"minecraft:moss_carpet":3,"minecraft:iron_axe":1,"minecraft:item_frame":2,"inventorypets:pet_cloud":1,"psychadelic:cb":2,"minecraft:warped_fence":1,"minecraft:blackstone":66,"quark:waxed_weathered_cut_copper_vertical_slab":1,"ironbookshelves:diamond_bookshelf":18,"botanypotstiers:ultra_red_glazed_terracotta_hopper_botany_pot":1,"minecraft:spruce_trapdoor":5,"minecraft:phantom_membrane":77,"mekanism:ingot_bronze":1,"minecraft:dark_oak_sapling":1,"minecraft:raw_iron":253,"denseores:dense_iron_ore":3,"minecraft:copper_ingot":1,"framedblocks:framed_activator_rail_slope":2,"minecraft:polished_blackstone_bricks":1,"mysticalagriculture:earth_agglomeratio":1,"minecraft:stone_pressure_plate":1,"minecraft:arrow":121,"securitycraft:bouncing_betty":1,"minecraft:nether_bricks":31,"mekanism:ingot_lead":1,"sophisticatedbackpacks:advanced_magnet_upgrade":1,"minecraft:basalt":4,"minecraft:glow_ink_sac":2,"minecraft:leather":11,"minecraft:chainmail_chestplate":1,"ironfurnaces:upgrade_iron":1,"minecraft:nether_wart_block":3,"minecraft:gunpowder":8,"securitycraft:reinforced_blue_wool":1,"minecraft:orange_terracotta":1,"minecraft:waxed_weathered_cut_copper":1,"rftoolsbase:dimensionalshard":117,"cataclysm:infernal_forge":1,"botanypotstiers:creative_brown_glazed_terracotta_hopper_botany_pot":1,"minecraft:iron_ingot":1,"minecraft:stripped_oak_wood":1,"aquaculture:minnow":2,"botanypotstiers:ultra_purple_glazed_terracotta_botany_pot":1,"minecraft:soul_sand":113,"mowziesmobs:umvuthana_mask_misery":1,"minecraft:book":77,"denseores:dense_redstone_ore":1,"minecraft:nether_quartz_ore":1,"minecraft:emerald_block":5,"minecraft:chiseled_stone_bricks":6,"psychadelic:peyoteslice":13,"minecraft:stone_brick_slab":5,"casinocraft:arcade_slot_light_blue":1,"minecraft:quartz":542,"botanypotstiers:ultra_gray_concrete_hopper_botany_pot":1,"minecraft:amethyst_shard":52,"minecraft:spider_eye":46,"minecraft:mossy_stone_brick_slab":3,"mekanism:raw_osmium":28,"minecraft:spruce_door":2,"botanypotstiers:elite_lime_glazed_terracotta_hopper_botany_pot":1,"minecraft:chainmail_leggings":5,"minecraft:iron_helmet":2,"mekanism:fluorite_gem":68,"minecraft:mossy_cobblestone_stairs":2,"tombstone:magic_scroll":5,"minecraft:black_wool":1,"minecraft:coal":672},"minecraft:crafted":{"advancednetherite:netherite_emerald_leggings":1,"minecraft:oak_sign":3,"ironfurnaces:iron_furnace":2,"minecraft:bookshelf":16,"ironfurnaces:diamond_furnace":2,"minecraft:glass":287,"minecraft:diamond_leggings":1,"minecraft:netherite_boots":1,"advancednetherite:netherite_iron_sword":1,"minecraft:emerald":12,"minecraft:diamond_axe":1,"enchantinginfuser:enchanting_infuser":1,"advancednetherite:netherite_iron_pickaxe":1,"advancednetherite:netherite_iron_leggings":1,"minecraft:smithing_table":1,"advancednetherite:netherite_iron_chestplate":1,"advancednetherite:netherite_emerald_sword":1,"ironbookshelves:netherite_bookshelf":6,"minecraft:stone_slab":6,"quark:oak_chest":1,"advancednetherite:netherite_diamond_ingot":6,"minecraft:iron_pickaxe":1,"minecraft:gold_ingot":326,"advancednetherite:netherite_emerald_boots":1,"minecraft:netherite_ingot":70,"sophisticatedbackpacks:netherite_backpack":2,"advancednetherite:netherite_diamond_pickaxe":1,"minecraft:iron_nugget":54,"advancednetherite:netherite_gold_chestplate":1,"minecraft:bone_meal":56,"advancednetherite:netherite_emerald_chestplate":1,"advancednetherite:netherite_iron_helmet":1,"minecraft:diamond":32,"advancednetherite:netherite_diamond_sword":1,"minecraft:stone_pickaxe":2,"minecraft:diamond_boots":1,"minecraft:dark_oak_planks":1,"advancednetherite:netherite_iron_ingot":24,"advancednetherite:netherite_gold_leggings":1,"minecraft:netherite_pickaxe":1,"minecraft:enchanting_table":1,"sophisticatedbackpacks:gold_backpack":2,"framedblocks:framed_slab":106,"inventorypets:pet_anvil":2,"minecraft:grindstone":1,"minecraft:oak_planks":80,"minecraft:stone":8,"advancednetherite:netherite_gold_helmet":1,"ironbookshelves:iron_bookshelf":17,"minecraft:netherite_helmet":1,"advancednetherite:netherite_gold_sword":1,"ironbookshelves:golden_bookshelf":17,"sophisticatedbackpacks:backpack":1,"minecraft:crafting_table":4,"minecraft:spruce_planks":192,"minecraft:wooden_pickaxe":1,"minecraft:gold_block":60,"enchantinginfuser:advanced_enchanting_infuser":1,"minecraft:diamond_pickaxe":1,"minecraft:emerald_block":39,"hmag:netherite_scrap_block":119,"minecraft:stick":161,"sophisticatedbackpacks:diamond_backpack":2,"advancednetherite:netherite_gold_boots":1,"minecraft:iron_ingot":69,"minecraft:stone_sword":1,"advancednetherite:netherite_iron_boots":1,"advancednetherite:netherite_emerald_helmet":1,"inventorypets:pet_cloud":1,"minecraft:shears":1,"ironbookshelves:diamond_bookshelf":17,"ironfurnaces:gold_furnace":2,"minecraft:netherite_sword":1,"minecraft:furnace":6,"minecraft:diamond_block":235,"minecraft:glass_pane":16,"minecraft:flint_and_steel":1,"advancednetherite:netherite_gold_pickaxe":1,"minecraft:netherite_chestplate":1,"minecraft:netherite_leggings":1,"ironbookshelves:obsidian_bookshelf":16,"inventorypets:nugget_emerald":28,"minecraft:netherite_scrap":84,"ironbookshelves:emerald_bookshelf":1,"inventorypets:pet_illuminati":1,"sophisticatedbackpacks:iron_backpack":2,"advancednetherite:netherite_emerald_ingot":12,"hmag:emerald_fragment":11,"advancednetherite:netherite_gold_ingot":18,"minecraft:iron_sword":1,"advancednetherite:netherite_diamond_boots":1,"minecraft:bucket":9,"minecraft:air":4894,"quark:spruce_bookshelf":1,"framedblocks:framed_cube":96,"minecraft:torch":28,"advancednetherite:netherite_emerald_pickaxe":1,"minecraft:diamond_chestplate":1},"minecraft:mined":{"ironbookshelves:obsidian_bookshelf":2,"minecraft:jungle_leaves":328,"minecraft:red_nether_bricks":5,"mekanism:teleporter_frame":1,"denseores:dense_deepslate_lapis_ore":60,"minecraft:obsidian":174,"minecraft:bubble_column":3,"ironbookshelves:emerald_bookshelf":8,"minecraft:granite":431,"minecraft:coal_block":4,"mysticalagriculture:inferium_ore":39,"minecraft:chiseled_stone_bricks":6,"minecraft:spawner":3,"minecraft:polished_blackstone_bricks":1,"epicsamurai:deepslate_jade_ore":13,"minecraft:magma_block":1001,"minecraft:mossy_cobblestone_stairs":4,"minecraft:fire":70,"minecraft:cobbled_deepslate":29,"minecraft:moss_carpet":1,"minecraft:deepslate_lapis_ore":16,"minecraft:nether_brick_stairs":20,"denseores:dense_deepslate_gold_ore":57,"minecraft:oak_stairs":2,"powah:uraninite_ore_poor":5,"denseores:dense_nether_quartz_ore":85,"mysticalagradditions:nether_prosperity_ore":75,"framedblocks:framed_ladder":1,"mekanism:osmium_ore":20,"minecraft:red_bed":2,"minecraft:kelp_plant":1,"minecraft:amethyst_cluster":6,"minecraft:torch":16,"denseores:dense_nether_gold_ore":59,"dragonmod:scarletbulb":2,"denseores:ancient_nether_ore":169,"mekanism:tin_ore":25,"minecraft:spruce_wall_sign":2,"hmag:netherite_scrap_block":11,"minecraft:glass":2,"denseores:dense_coal_ore":14,"minecraft:amethyst_block":103,"powah:deepslate_uraninite_ore_poor":23,"mysticalagriculture:soulium_ore":114,"denseores:dense_deepslate_diamond_ore":74,"minecraft:stone_brick_stairs":10,"minecraft:grass":52,"mekanism:lead_ore":8,"minecraft:smooth_basalt":26,"mysticalagriculture:deepslate_inferium_ore":5,"minecraft:deepslate":30185,"powah:deepslate_uraninite_ore":8,"mysticalagriculture:soulstone":2124,"minecraft:mossy_cobblestone":16,"epicsamurai:deepslate_onyx_ore":4,"minecraft:dark_oak_log":1,"minecraft:nether_bricks":57,"denseores:dense_diamond_ore":2,"connectedglass:clear_glass":1,"minecraft:spruce_fence":1,"minecraft:crimson_roots":1,"minecraft:moss_block":1,"dragonmod:scarletbamboosnow":1,"minecraft:waxed_weathered_copper":1,"minecraft:andesite":560,"minecraft:diamond_block":3,"denseores:dense_deepslate_redstone_ore":116,"dragonmod:rubyore":6,"minecraft:mossy_stone_brick_stairs":4,"minecraft:vine":33,"minecraft:soul_sand":194,"minecraft:potted_lily_of_the_valley":1,"minecraft:stone_brick_slab":10,"minecraft:emerald_ore":3,"rftoolsbase:dimensionalshard_nether":174,"ironbookshelves:golden_bookshelf":6,"minecraft:copper_ore":103,"minecraft:tall_grass":13,"minecraft:deepslate_gold_ore":60,"minecraft:diorite":728,"minecraft:coarse_dirt":4,"minecraft:spruce_log":1107,"minecraft:birch_leaves":16,"dragonmod:scarletbambooleaves":1,"sophisticatedbackpacks:netherite_backpack":1,"minecraft:gravel":820,"mekanism:deepslate_fluorite_ore":72,"minecraft:cobweb":8,"mekanism:deepslate_uranium_ore":133,"minecraft:stone_bricks":59,"minecraft:fern":4,"minecraft:stone_pressure_plate":1,"minecraft:mossy_stone_brick_slab":4,"ironbookshelves:diamond_bookshelf":18,"minecraft:budding_amethyst":15,"minecraft:grass_block":440,"minecraft:cracked_polished_blackstone_bricks":1,"minecraft:soul_soil":223,"minecraft:mossy_cobblestone_slab":2,"minecraft:iron_ore":4,"minecraft:iron_bars":14,"epicsamurai:deepslate_silver_ore":3,"minecraft:deepslate_redstone_ore":175,"lootr:lootr_chest":1,"minecraft:blackstone":648,"minecraft:orange_terracotta":1,"minecraft:cave_air":514,"minecraft:calcite":29,"minecraft:beacon":2,"minecraft:mushroom_stem":1,"minecraft:nether_quartz_ore":257,"minecraft:wither_skeleton_wall_skull":1,"minecraft:cobblestone":97,"mysticalagradditions:nether_inferium_ore":119,"minecraft:grindstone":2,"minecraft:iron_door":1,"minecraft:wall_torch":11,"biomesoplenty:goldenrod":2,"minecraft:seagrass":2,"minecraft:nether_wart_block":4,"minecraft:tnt":4,"mekanism:deepslate_tin_ore":6,"minecraft:oak_log":213,"minecraft:sand":147,"minecraft:dirt":164,"mysticalagriculture:deepslate_prosperity_ore":151,"minecraft:ancient_debris":9,"minecraft:netherrack":29309,"framedblocks:framed_slab":3,"minecraft:oak_leaves":161,"minecraft:emerald_block":5,"minecraft:nether_gold_ore":113,"mysticalagriculture:prosperity_ore":1,"minecraft:crying_obsidian":4,"minecraft:tuff":3243,"minecraft:dark_oak_leaves":1,"minecraft:deepslate_diamond_ore":365,"enchantinginfuser:enchanting_infuser":2,"powah:deepslate_uraninite_ore_dense":1,"mekanism:deepslate_osmium_ore":20,"biomesoplenty:bush":3,"epicsamurai:deepslate_ruby_ore":8,"minecraft:spruce_leaves":2259,"denseores:dense_deepslate_iron_ore":73,"minecraft:infested_chiseled_stone_bricks":1,"minecraft:sandstone":23,"quark:jasper":15,"framedblocks:framed_activator_rail_slope":1,"denseores:dense_copper_ore":12,"minecraft:furnace":2,"minecraft:peony":3,"minecraft:gold_block":7,"minecraft:deepslate_iron_ore":31,"minecraft:bookshelf":25,"torchmaster:invisible_light":30,"minecraft:stripped_oak_log":4,"minecraft:stone":6529,"minecraft:podzol":55,"mekanism:deepslate_lead_ore":38,"denseores:dense_deepslate_coal_ore":31,"minecraft:basalt":2456,"minecraft:spruce_door":2,"epicsamurai:deepslate_aquamarine_ore":6,"minecraft:oak_fence":3,"minecraft:crafting_table":7,"minecraft:rose_bush":4,"biomesoplenty:sprout":3,"minecraft:lapis_ore":6,"minecraft:coal_ore":160,"minecraft:cracked_stone_bricks":22,"minecraft:mossy_stone_bricks":27},"minecraft:broken":{"minecraft:leather_helmet":1,"minecraft:stone_sword":1,"minecraft:diamond_leggings":1,"minecraft:shield":1,"minecraft:leather_leggings":1,"minecraft:stone_pickaxe":1,"minecraft:diamond_chestplate":1},"minecraft:killed":{"hmag:necrotic_reaper":1,"hmag:wither_skeleton_girl":9,"minecraft:cave_spider":17,"hmag:imp":2,"hmag:fortress_keeper":3,"minecraft:skeleton":94,"alexsmobs:straddler":7,"minecraft:magma_cube":51,"mutantmonsters:mutant_skeleton":1,"hmag:hornet":2,"minecraft:pillager":295,"minecraft:zombie":59,"hmag:melty_monster":7,"minecraft:evoker":1,"hmag:creeper_girl":1,"minecraft:vindicator":10,"hmag:skeleton_girl":10,"hmag:zombie_girl":9,"minecraft:husk":2,"epicsamurai:akaname":4,"mutantmonsters:creeper_minion":1,"quark:wraith":4,"minecraft:witch":11,"minecraft:zombified_piglin":15,"minecraft:spider":45,"cataclysm:netherite_monstrosity":1,"minecraft:wither":3,"aquaculture:muskellunge":1,"minecraft:bee":1,"minecraft:silverfish":1,"aquaculture:perch":2,"minecraft:piglin_brute":4,"artifacts:mimic":1,"hmag:harpy":1,"minecraft:piglin":8,"hmag:kasha":1,"hmag:wither_ghost":6,"minecraft:creeper":21,"alexsmobs:crimson_mosquito":7,"aquaculture:minnow":3,"mowziesmobs:umvuthana_raptor":2,"minecraft:blaze":28,"alexsmobs:bone_serpent":1,"alexsmobs:dropbear":2,"minecraft:vex":4,"alexsmobs:tiger":1,"minecraft:phantom":33,"hmag:lich":1,"alexsmobs:blue_jay":1,"alexsmobs:bison":1,"alexsmobs:soul_vulture":1,"minecraft:drowned":5,"hmag:ghost":14,"quark:foxhound":10,"mowziesmobs:umvuthana_follower_raptor":10,"hmag:cursed_doll":5,"minecraft:wither_skeleton":104}},"DataVersion":3120}