{"stats":{"minecraft:dropped":{"sophisticatedbackpacks:iron_backpack":2,"quark:green_corundum_cluster":1,"minecraft:porkchop":6,"psychadelic:pipe":2,"minecraft:dark_oak_stairs":1,"minecraft:lapis_lazuli":2,"minecraft:oak_log":78,"minecraft:diamond":53,"minecraft:glass_bottle":3,"minecraft:honeycomb":1,"minecraft:leather":12,"minecraft:mossy_stone_brick_stairs":1,"hmag:kobold_leather":3,"minecraft:leather_helmet":2,"mekanismtools:lapis_lazuli_leggings":4,"minecraft:emerald":76,"minecraft:dirt":530,"immersive_aircraft:gyrodyne":1,"minecraft:dark_oak_log":128,"minecraft:netherite_scrap":14,"minecraft:crimson_roots":1,"artifacts:charm_of_sinking":2,"minecraft:gold_nugget":1,"minecraft:wooden_sword":1,"minecraft:bone_meal":3,"minecraft:sand":131,"minecraft:fishing_rod":1,"minecraft:gold_ingot":8,"butchersdelight:cow_hide":1,"minecraft:bone":29,"minecraft:oak_door":4,"minecraft:gravel":13,"alexsmobs:centipede_leg":1,"minecraft:stone_axe":2,"minecraft:golden_chestplate":4,"alexsmobs:animal_dictionary":1,"minecraft:wheat":1,"minecraft:obsidian":3,"minecraft:soul_lantern":1,"minecraft:beetroot":1,"minecraft:rotten_flesh":111,"minecraft:oak_planks":261,"mekanismtools:lapis_lazuli_helmet":1,"minecraft:chainmail_chestplate":2,"patchouli:guide_book":1,"minecraft:salmon":2,"minecraft:poppy":11,"minecraft:leather_chestplate":1,"aquaculture:wooden_fillet_knife":1,"minecraft:turtle_helmet":1,"minecraft:gunpowder":13,"minecraft:quartz_block":4,"apotheosis:gem":77,"quark:blank_rune":4,"minecraft:beetroot_seeds":4,"minecraft:leather_boots":2,"mysticalagriculture:inferium_essence":59,"artifacts:panic_necklace":2,"minecraft:leather_leggings":2,"minecraft:spruce_slab":1,"minecraft:iron_bars":28,"minecraft:arrow":29,"minecraft:stone_brick_stairs":5,"minecraft:netherrack":6,"mekanismtools:lapis_lazuli_boots":2,"minecraft:iron_ingot":54,"minecraft:golden_boots":2,"minecraft:bread":107,"immersive_aircraft:improved_landing_gear":1,"minecraft:wheat_seeds":13,"hmag:cureberry":10,"inventorypets:pet_anvil":1,"minecraft:golden_horse_armor":1,"immersive_aircraft:enhanced_propeller":1,"minecraft:diamond_leggings":1,"minecraft:poisonous_potato":1,"minecraft:feather":2,"minecraft:lead":2,"minecraft:oak_fence":2,"minecraft:iron_helmet":1,"minecraft:cobblestone":426,"minecraft:apple":128,"mekanismtools:lapis_lazuli_chestplate":2,"minecraft:chainmail_helmet":3,"minecraft:stick":22,"minecraft:oxeye_daisy":3,"biomesoplenty:goldenrod":21,"mg_secrets_of_mermaids:of_mermaids_and_other_sea_monsters":1,"quark:blossom_log":274,"minecraft:torch":8,"minecraft:wooden_axe":1,"minecraft:rose_bush":7,"tombstone:grave_dust":12,"minecraft:potion":2,"minecraft:iron_leggings":2,"monsters_and_girls:monsters_and_girls_changelog":1,"minecraft:mossy_cobblestone_stairs":1,"minecraft:chainmail_leggings":2,"minecraft:string":53,"hmag:evil_crystal_fragment":5,"artifacts:bunny_hoppers":2,"minecraft:dandelion":1,"minecraft:redstone":14,"minecraft:stone_sword":2,"minecraft:cobblestone_wall":6,"psychadelic:peyoteslice":1,"minecraft:iron_boots":2,"minecraft:slime_block":1,"minecraft:stripped_acacia_wood":6,"psychadelic:salviaextractinpipe":1,"minecraft:nether_bricks":1,"minecraft:pumpkin_seeds":3,"minecraft:diamond_sword":2,"minecraft:filled_map":1,"minecraft:potato":8,"farmersdelight:flint_knife":1,"minecraft:shield":1,"minecraft:oak_button":4,"minecraft:spruce_trapdoor":5,"minecraft:spruce_planks":1,"minecraft:iron_chestplate":1,"minecraft:andesite":1,"minecraft:oak_sapling":95,"minecraft:spider_eye":14,"minecraft:slime_ball":1,"minecraft:bow":9,"minecraft:stone_pickaxe":3,"farmersdelight:ham":3,"minecraft:black_wool":2,"hmag:exp_berry":2},"minecraft:used":{"minecraft:iron_shovel":508,"minecraft:chest":4,"minecraft:shield":156,"minecraft:iron_sword":76,"aquaculture:wooden_fillet_knife":2,"lootr:trophy":2,"minecraft:carrot":41,"sophisticatedbackpacks:diamond_backpack":1,"minecraft:glass":6,"hmag:exp_berry":1,"minecraft:furnace":5,"minecraft:potato":46,"psychadelic:dm_tpipe":2,"minecraft:diamond_boots":1,"cataclysm:mech_eye":2,"minecraft:stone_pickaxe":10,"minecraft:oak_planks":2830,"powah:energy_cable_blazing":1,"minecraft:oak_leaves":90,"minecraft:golden_apple":2,"minecraft:glow_berries":3,"minecraft:sand":4,"psychadelic:salviaextractinpipe":1,"minecraft:shears":595,"sophisticatedbackpacks:backpack":1,"minecraft:bread":48,"minecraft:melon_slice":4,"tombstone:grave_key":15,"minecraft:gravel":4,"minecraft:diamond_sword":1521,"minecraft:experience_bottle":11,"minecraft:oak_fence":20,"minecraft:trident":1,"ironfurnaces:gold_furnace":1,"minecraft:flint_and_steel":69,"sophisticatedstorage:gold_chest":3,"minecraft:oak_door":3,"minecraft:torch":7,"minecraft:dirt":2021,"minecraft:anvil":2,"cgm:workbench":2,"quark:quartz_vertical_slab":1,"minecraft:wooden_axe":120,"minecraft:oak_stairs":22,"minecraft:iron_axe":545,"psychadelic:peyoteslice":1,"sophisticatedstorage:diamond_chest":4,"connectedglass:borderless_glass":20,"psychadelic:ls_dblotter":1,"psychadelic:cigarette":1,"minecraft:golden_carrot":3,"psychadelic:mdmapill":41,"tombstone:gift":4,"minecraft:cooked_beef":9,"tombstone:decorative_grave_original":1,"sophisticatedbackpacks:gold_backpack":1,"minecraft:water_bucket":27,"tombstone:scroll_of_reach":1,"minecraft:birch_planks":12,"minecraft:baked_potato":124,"connectedglass:clear_glass":161,"minecraft:crafting_table":7,"minecraft:red_bed":3,"minecraft:oak_log":1,"tombstone:bag_of_seeds":2,"minecraft:diamond_pickaxe":6,"minecraft:apple":11,"minecraft:iron_pickaxe":262,"tombstone:magic_scroll":2,"alexsmobs:tendon_whip":1,"minecraft:potion":1,"minecraft:cooked_porkchop":7,"minecraft:bucket":27,"quark:oak_chest":6,"psychadelic:cb":5,"alexsmobs:animal_dictionary":1,"psychadelic:hawaiian_baby_woodrose_seeds":4,"minecraft:diamond_leggings":1,"alexsmobs:emu_egg":1},"minecraft:broken":{"minecraft:golden_helmet":2,"minecraft:diamond_helmet":1,"minecraft:shears":2,"minecraft:iron_chestplate":1,"mekanismtools:lapis_lazuli_boots":1,"mekanismtools:lapis_lazuli_helmet":1,"minecraft:diamond_boots":1,"minecraft:wooden_axe":2,"minecraft:golden_chestplate":2,"minecraft:diamond_leggings":1,"minecraft:shield":1,"minecraft:iron_axe":2,"minecraft:iron_helmet":1},"minecraft:killed_by":{"minecraft:wither_skeleton":4,"minecraft:piglin_brute":1,"hmag:harpy":1,"minecraft:zombie":6,"alexsmobs:farseer":4,"minecraft:husk":1,"minecraft:spider":2,"alexsmobs:tiger":4,"minecraft:hoglin":1,"mutantmonsters:mutant_skeleton":4,"minecraft:skeleton":6,"minecraft:phantom":2,"hmag:crimson_slaughterer":1},"minecraft:mined":{"minecraft:dark_oak_planks":1,"minecraft:spruce_planks":7,"tombstone:decorative_grave_original":1,"connectedglass:borderless_glass":4,"sophisticatedstorage:gold_chest":3,"sophisticatedbackpacks:gold_backpack":1,"minecraft:grass_block":359,"minecraft:oxeye_daisy":1,"minecraft:spawner":78,"minecraft:mossy_cobblestone_stairs":1,"minecraft:cobbled_deepslate":2,"minecraft:fire":5,"minecraft:nether_brick_stairs":1,"minecraft:anvil":2,"minecraft:dark_oak_stairs":1,"minecraft:oak_sign":1,"minecraft:iron_bars":54,"minecraft:oak_stairs":14,"minecraft:deepslate_brick_stairs":2,"minecraft:spruce_slab":2,"minecraft:quartz_block":8,"minecraft:red_bed":3,"minecraft:soul_lantern":1,"minecraft:torch":5,"sophisticatedstorage:diamond_chest":2,"minecraft:poppy":1,"minecraft:melon":1,"minecraft:chest":5,"hmag:netherite_scrap_block":6,"minecraft:glass":6,"minecraft:cobblestone":96,"minecraft:oak_planks":232,"minecraft:wall_torch":1,"biomesoplenty:goldenrod":1,"rftoolsbase:dimensionalshard_overworld":2,"quark:blossom_fence":1,"lootr:trophy":1,"sophisticatedbackpacks:diamond_backpack":1,"minecraft:birch_log":3,"minecraft:lilac":3,"minecraft:tnt":2,"minecraft:wither_rose":2,"minecraft:stone_brick_stairs":4,"minecraft:yellow_stained_glass_pane":3,"minecraft:grass":66,"biomesoplenty:clover":1,"minecraft:oak_log":651,"minecraft:dirt":105,"minecraft:sand":342,"minecraft:oak_leaves":828,"minecraft:oak_door":1,"biomesoplenty:desert_grass":1,"minecraft:dark_oak_fence":3,"minecraft:crimson_roots":1,"minecraft:furnace":4,"minecraft:snow":1,"minecraft:andesite":3,"minecraft:mossy_stone_brick_stairs":1,"minecraft:bookshelf":5,"biomesoplenty:mahogany_leaves":1,"minecraft:vine":2,"minecraft:stone":6,"sophisticatedbackpacks:backpack":1,"quark:oak_chest":6,"minecraft:stripped_dark_oak_log":1,"minecraft:crafting_table":6,"minecraft:rose_bush":15,"minecraft:tall_grass":12,"biomesoplenty:sprout":1,"minecraft:ice":1,"minecraft:birch_leaves":25,"minecraft:black_wool":1,"minecraft:gravel":1,"minecraft:cobweb":1,"minecraft:stone_bricks":1,"minecraft:mossy_stone_bricks":3,"minecraft:fern":7},"minecraft:picked_up":{"minecraft:wooden_axe":2,"minecraft:iron_chestplate":1,"minecraft:wheat":1,"minecraft:anvil":2,"minecraft:lead":6,"minecraft:diamond_sword":1,"minecraft:oak_stairs":17,"minecraft:wither_rose":2,"minecraft:enchanted_book":3,"minecraft:potion":1,"minecraft:stone_brick_stairs":2,"sophisticatedstorage:gold_chest":3,"hmag:savagefang_meat":2,"immersive_aircraft:improved_landing_gear":1,"minecraft:string":76,"connectedglass:clear_glass":26,"minecraft:iron_leggings":1,"minecraft:beetroot":1,"minecraft:oak_sign":2,"mysticalagriculture:inferium_essence":73,"minecraft:gold_nugget":66,"minecraft:cobbled_deepslate":2,"minecraft:spruce_planks":5,"minecraft:rose_bush":18,"mysticalagriculture:ice_seeds":3,"minecraft:iron_boots":2,"minecraft:furnace":4,"minecraft:stick":175,"apotheosis:gem":43,"tombstone:decorative_grave_original":1,"mowziesmobs:sol_visage":1,"minecraft:oak_fence":5,"minecraft:torch":15,"minecraft:spruce_stairs":1,"quark:blossom_log":274,"alexsmobs:fedora":1,"minecraft:porkchop":8,"tombstone:grave_dust":24,"psychadelic:salviaextractinpipe":2,"hmag:netherite_scrap_block":6,"minecraft:golden_chestplate":2,"alexsmobs:centipede_leg":1,"powah:energy_cable_blazing":1,"minecraft:stone_sword":2,"quark:clear_shard":20,"minecraft:honey_bottle":1,"minecraft:rotten_flesh":143,"psychadelic:mdmapill":41,"alexsmobs:emu_egg":1,"artifacts:panic_necklace":1,"minecraft:deepslate_brick_stairs":2,"minecraft:obsidian":3,"minecraft:iron_bars":50,"minecraft:snowball":1,"minecraft:cobblestone":506,"minecraft:birch_log":3,"minecraft:leather_chestplate":1,"hmag:copper_nugget":4,"minecraft:feather":18,"minecraft:andesite":2,"minecraft:potato":110,"quark:quartz_vertical_slab":1,"butchersdelight:deadpig":4,"quark:blossom_fence":1,"minecraft:dirt":3225,"lootr:trophy":2,"hmag:evil_crystal_fragment":6,"minecraft:leather_boots":2,"minecraft:bone":118,"minecraft:bow":16,"minecraft:wheat_seeds":26,"minecraft:raw_gold":4,"hmag:exp_berry":2,"minecraft:moss_block":1,"minecraft:mossy_stone_brick_stairs":1,"minecraft:honeycomb":1,"minecraft:oak_planks":759,"psychadelic:pipe":1,"minecraft:stripped_acacia_wood":2,"minecraft:poisonous_potato":4,"butchersdelight:cow_hide":1,"minecraft:sand":472,"sophisticatedbackpacks:iron_backpack":1,"hmag:kobold_leather":4,"minecraft:diamond_block":42,"farmersdelight:ham":4,"minecraft:dark_oak_log":192,"minecraft:bundle":1,"inventorypets:pet_anvil":2,"cataclysm:mech_eye":3,"minecraft:diamond":192,"minecraft:soul_lantern":2,"minecraft:bone_meal":7,"minecraft:grass":2,"minecraft:chainmail_helmet":4,"minecraft:bread":13,"minecraft:emerald":76,"minecraft:oak_sapling":261,"minecraft:netherrack":5,"minecraft:dark_oak_fence":1,"minecraft:oak_leaves":605,"minecraft:crimson_roots":1,"minecraft:fishing_rod":1,"minecraft:spruce_leaves":1,"sophisticatedbackpacks:gold_backpack":1,"minecraft:crafting_table":6,"minecraft:leather_leggings":2,"minecraft:stone_brick_wall":2,"psychadelic:hawaiian_baby_woodrose_seeds":20,"minecraft:shield":2,"minecraft:red_bed":3,"minecraft:iron_axe":1,"minecraft:item_frame":3,"psychadelic:cb":5,"butchersdelight:dead_cow":1,"minecraft:beef":2,"minecraft:iron_nugget":33,"minecraft:poppy":12,"minecraft:spruce_slab":4,"minecraft:chest":5,"minecraft:phantom_membrane":2,"quark:green_corundum_cluster":1,"minecraft:oak_door":8,"artifacts:charm_of_sinking":1,"psychadelic:dm_tpipe":2,"sophisticatedbackpacks:backpack":2,"minecraft:carrot":6,"minecraft:redstone":14,"monsters_and_girls:crimson_girlina_jar":1,"minecraft:dark_oak_planks":1,"minecraft:arrow":100,"minecraft:nether_bricks":1,"mekanismtools:lapis_lazuli_leggings":1,"minecraft:gold_ingot":8,"tombstone:essence_of_undeath":2,"minecraft:oxeye_daisy":6,"psychadelic:cigarette":1,"minecraft:birch_leaves":10,"minecraft:salmon":3,"dragonmod:dragontreat":1,"biomesoplenty:goldenrod":43,"minecraft:leather":4,"minecraft:oak_log":1102,"minecraft:chainmail_chestplate":2,"minecraft:ancient_debris":64,"minecraft:golden_boots":2,"minecraft:gunpowder":16,"minecraft:cobblestone_wall":8,"immersive_aircraft:gyrodyne":1,"minecraft:paper":1,"rftoolsbase:dimensionalshard":12,"minecraft:apple":82,"minecraft:stone_bricks":2,"mowziesmobs:umvuthana_mask_rage":1,"alexsmobs:cockroach_wing_fragment":1,"minecraft:iron_ingot":102,"minecraft:stone_pickaxe":2,"minecraft:glass_bottle":1,"mysticalagriculture:sky_stone_seeds":1,"minecraft:iron_sword":1,"psychadelic:ls_dblotter":1,"minecraft:dark_oak_stairs":2,"sophisticatedbackpacks:diamond_backpack":1,"minecraft:book":9,"minecraft:polished_andesite_stairs":1,"psychadelic:peyoteslice":7,"minecraft:dandelion":2,"minecraft:gravel":17,"mysticalagriculture:wood_seeds":3,"quark:oak_chest":6,"minecraft:spider_eye":23,"minecraft:leather_helmet":2,"immersive_aircraft:enhanced_propeller":1,"minecraft:pumpkin_seeds":3,"minecraft:slime_ball":1,"minecraft:stone_axe":1,"minecraft:chainmail_leggings":1,"inventorypets:pet_illuminati":1,"minecraft:mossy_cobblestone_stairs":1,"minecraft:gray_wool":1,"sophisticatedstorage:diamond_chest":2,"minecraft:oak_button":10,"minecraft:baked_potato":6,"tombstone:magic_scroll":3,"minecraft:black_wool":5,"minecraft:stripped_dark_oak_log":2,"cgm:workbench":2,"minecraft:coal":199,"minecraft:ender_pearl":1},"minecraft:crafted":{"minecraft:oak_planks":1012,"connectedglass:clear_glass":36,"sophisticatedstorage:gold_chest":2,"ironfurnaces:iron_furnace":1,"connectedglass:borderless_glass":41,"minecraft:cooked_mutton":0,"minecraft:glass":178,"minecraft:diamond_helmet":1,"minecraft:diamond_leggings":1,"minecraft:oak_button":4,"minecraft:oak_fence":8,"sophisticatedstorage:diamond_chest":2,"minecraft:cooked_porkchop":0,"minecraft:crafting_table":1,"minecraft:baked_potato":0,"minecraft:gold_block":1,"minecraft:birch_planks":3,"farmersdelight:beef_patty":0,"minecraft:diamond_pickaxe":2,"quark:oak_chest":4,"sophisticatedbackpacks:diamond_backpack":1,"minecraft:stick":6,"minecraft:iron_ingot":28,"minecraft:iron_block":3,"minecraft:gold_ingot":23,"farmersdelight:cooked_bacon":0,"minecraft:redstone_torch":8,"minecraft:netherite_ingot":18,"minecraft:shears":3,"minecraft:oak_door":1,"ironfurnaces:gold_furnace":1,"sophisticatedstorage:iron_chest":2,"minecraft:furnace":2,"minecraft:diamond":1,"minecraft:iron_axe":3,"minecraft:diamond_boots":2,"minecraft:netherite_scrap":270,"aquaculture:wooden_fillet_knife":1,"sophisticatedbackpacks:iron_backpack":2,"minecraft:cooked_cod":0,"farmersdelight:cooked_mutton_chops":0,"minecraft:cooked_salmon":0,"sophisticatedbackpacks:gold_backpack":1,"minecraft:bucket":1,"minecraft:bread":5,"minecraft:air":4531,"sophisticatedstorage:chest":2,"minecraft:wooden_axe":2,"minecraft:oak_stairs":2,"minecraft:diamond_chestplate":1},"minecraft:custom":{"lootr:looted_stat":267,"minecraft:interact_with_crafting_table":98,"minecraft:open_barrel":20,"minecraft:eat_cake_slice":5,"minecraft:leave_game":20,"minecraft:time_since_death":305140,"minecraft:damage_resisted":128,"minecraft:sprint_one_cm":2493142,"minecraft:damage_blocked_by_shield":3228,"minecraft:drop":372,"minecraft:talked_to_villager":12,"minecraft:play_time":849721,"minecraft:deaths":37,"minecraft:jump":11096,"minecraft:walk_on_water_one_cm":94135,"minecraft:enchant_item":2,"minecraft:interact_with_furnace":233,"minecraft:interact_with_loom":1,"minecraft:sleep_in_bed":7,"minecraft:damage_dealt":76058,"minecraft:player_kills":2,"minecraft:crouch_one_cm":24252,"tombstone:undead_killed":206,"minecraft:interact_with_smithing_table":3,"minecraft:interact_with_anvil":7,"minecraft:mob_kills":339,"minecraft:damage_dealt_resisted":402,"minecraft:climb_one_cm":21744,"minecraft:walk_one_cm":2865850,"minecraft:damage_dealt_absorbed":192,"minecraft:sneak_time":10451,"minecraft:walk_under_water_one_cm":75974,"minecraft:boat_one_cm":252,"minecraft:total_world_time":849721,"tombstone:raider_killed":2,"minecraft:tune_noteblock":12,"minecraft:time_since_rest":14462,"minecraft:damage_taken":20089,"minecraft:damage_absorbed":122,"minecraft:swim_one_cm":235253,"minecraft:fly_one_cm":3845486,"minecraft:open_chest":757,"minecraft:fall_one_cm":868941},"minecraft:killed":{"minecraft:cave_spider":1,"mowziesmobs:umvuthi":1,"minecraft:spider":53,"minecraft:skeleton":75,"minecraft:bee":2,"creeperoverhaul:jungle_creeper":1,"mowziesmobs:umvuthana_crane":3,"minecraft:silverfish":1,"alexsmobs:centipede_head":1,"hmag:harpy":2,"minecraft:zombie_villager":2,"hmag:hornet":2,"minecraft:creeper":12,"alexsmobs:crimson_mosquito":1,"minecraft:pillager":1,"minecraft:zombie":96,"alexsmobs:fly":2,"mowziesmobs:umvuthana_raptor":2,"hmag:creeper_girl":2,"hmag:skeleton_girl":11,"alexsmobs:tasmanian_devil":1,"hmag:zombie_girl":10,"mowziesmobs:umvuthana":7,"minecraft:husk":2,"hmag:ghost":5,"hmag:savagefang":1,"mowziesmobs:umvuthana_follower_raptor":12,"hmag:kobold":3,"alexsmobs:cockroach":2,"minecraft:wither_skeleton":5,"hmag:cursed_doll":9,"minecraft:enderman":1}},"DataVersion":3120}