{"stats":{"minecraft:broken":{"minecraft:stone_sword":1,"minecraft:shears":1,"minecraft:wooden_pickaxe":1,"minecraft:stone_pickaxe":1,"minecraft:leather_boots":1},"minecraft:killed_by":{"minecraft:player":1},"minecraft:custom":{"lootr:looted_stat":16,"minecraft:interact_with_anvil":4,"minecraft:mob_kills":101,"minecraft:interact_with_crafting_table":29,"minecraft:damage_dealt_resisted":0,"minecraft:leave_game":4,"minecraft:time_since_death":0,"minecraft:climb_one_cm":11207,"minecraft:damage_resisted":0,"minecraft:sprint_one_cm":963343,"minecraft:walk_one_cm":934168,"minecraft:damage_blocked_by_shield":870,"minecraft:drop":263,"minecraft:play_time":319163,"minecraft:deaths":2,"minecraft:sneak_time":33956,"minecraft:walk_under_water_one_cm":22685,"minecraft:jump":5449,"minecraft:walk_on_water_one_cm":10125,"minecraft:enchant_item":9,"minecraft:total_world_time":319163,"minecraft:interact_with_furnace":52,"tombstone:raider_killed":3,"minecraft:interact_with_grindstone":5,"minecraft:sleep_in_bed":2,"minecraft:time_since_rest":0,"minecraft:damage_taken":9556,"minecraft:damage_dealt":19869,"tombstone:cast_on_ally":4,"minecraft:fly_one_cm":1334859,"minecraft:swim_one_cm":31381,"minecraft:open_chest":72,"minecraft:crouch_one_cm":145804,"tombstone:undead_killed":51,"minecraft:fall_one_cm":149974},"minecraft:used":{"minecraft:rose_bush":3,"minecraft:stone_sword":131,"minecraft:poppy":1,"minecraft:shield":30,"minecraft:iron_sword":109,"minecraft:grass":9,"minecraft:rotten_flesh":4,"minecraft:spruce_leaves":8,"minecraft:torch":28,"minecraft:dirt":86,"minecraft:ancient_debris":9,"minecraft:carrot":60,"minecraft:diamond_helmet":1,"hmag:soul_apple":2,"dragonmod:rubyore":2,"minecraft:bricks":2,"psychadelic:peyoteslice":1,"psychadelic:ls_dblotter":2,"minecraft:diamond_chestplate":1,"minecraft:bow":12,"psychadelic:mdmapill":2,"minecraft:furnace":1,"minecraft:oak_sapling":20,"tombstone:gift":8,"minecraft:cooked_beef":3,"minecraft:mossy_stone_bricks":6,"tombstone:scroll_of_knowledge":7,"minecraft:diorite":4,"psychadelic:dm_tpipe":1,"minecraft:birch_leaves":1,"minecraft:stone_pickaxe":221,"minecraft:baked_potato":42,"minecraft:oak_planks":100,"dragonmod:scarletleaves":1,"minecraft:ender_pearl":2,"minecraft:wooden_pickaxe":59,"minecraft:oak_leaves":25,"minecraft:salmon":1,"biomesoplenty:goldenrod":1,"minecraft:crafting_table":2,"hmag:randomberry":2,"psychadelic:salviaextractinpipe":2,"minecraft:shears":238,"monsters_and_girls:ink_cap_mushroom":9,"minecraft:oak_log":8,"minecraft:black_wool":2,"minecraft:bread":98,"minecraft:oak_button":4,"minecraft:iron_pickaxe":67,"tombstone:magic_scroll":3,"tombstone:grave_key":1,"minecraft:gravel":3,"minecraft:stone_axe":44,"alexsmobs:tendon_whip":12,"minecraft:chiseled_stone_bricks":1,"hmag:cureberry":1,"minecraft:diamond_sword":192,"minecraft:wooden_sword":26,"minecraft:cobblestone":128,"ironbookshelves:emerald_bookshelf":1,"minecraft:andesite":7,"quark:oak_chest":1,"psychadelic:hawaiian_baby_woodrose_seeds":1},"minecraft:killed":{"minecraft:cave_spider":4,"minecraft:zombified_piglin":1,"hmag:creeper_girl":1,"minecraft:spider":8,"hmag:skeleton_girl":2,"alexsmobs:tasmanian_devil":1,"minecraft:phantom":3,"minecraft:skeleton":25,"hmag:zombie_girl":3,"minecraft:panda":1,"monsters_and_girls:ink_cap":9,"hmag:ghost":3,"quark:foxhound":2,"hmag:wither_ghost":1,"monsters_and_girls:red_mushrom_gal":1,"minecraft:creeper":13,"hmag:kobold":1,"creeperoverhaul:ocean_creeper":2,"minecraft:zombie":12,"mutantmonsters:creeper_minion":1,"quark:wraith":1,"alexsmobs:crow":1,"hmag:spider_nest":1,"hmag:cursed_doll":1},"minecraft:dropped":{"minecraft:bread":35,"minecraft:birch_leaves":5,"minecraft:wheat_seeds":9,"psychadelic:pipe":3,"minecraft:oak_log":4,"minecraft:glass_bottle":1,"inventorypets:pet_anvil":1,"minecraft:golden_horse_armor":1,"minecraft:diamond_leggings":1,"minecraft:iron_helmet":1,"minecraft:cobblestone":128,"minecraft:leather":4,"minecraft:apple":1,"minecraft:chainmail_helmet":2,"minecraft:coal":32,"minecraft:red_mushroom":1,"minecraft:oxeye_daisy":1,"minecraft:dirt":2,"tombstone:bag_of_seeds":1,"minecraft:dark_oak_log":64,"biomesoplenty:goldenrod":21,"quark:blossom_log":64,"minecraft:ink_sac":3,"hmag:copper_nugget":1,"minecraft:rose_bush":1,"tombstone:grave_dust":3,"mysticalagriculture:prosperity_shard":4,"minecraft:iron_leggings":2,"minecraft:wooden_sword":2,"psychadelic:ls_dblotter":2,"minecraft:phantom_membrane":1,"minecraft:sand":64,"minecraft:iron_pickaxe":1,"minecraft:paper":3,"minecraft:string":23,"minecraft:bone":7,"psychadelic:dm_tpipe":5,"alexsmobs:maggot":2,"minecraft:iron_nugget":3,"minecraft:cobbled_deepslate":21,"psychadelic:peyoteslice":2,"minecraft:rotten_flesh":19,"alexsmobs:bear_fur":1,"minecraft:chainmail_chestplate":1,"minecraft:chiseled_stone_bricks":1,"minecraft:diamond_sword":1,"hmag:ancient_stone":1,"minecraft:gunpowder":16,"psychadelic:hawaiian_baby_woodrose_seeds":35,"minecraft:iron_chestplate":2,"mysticalagriculture:inferium_essence":22,"apotheosis:gem":8,"minecraft:oak_sapling":32,"minecraft:netherrack":6,"minecraft:spider_eye":4,"minecraft:diamond_boots":1,"minecraft:bow":6,"minecraft:arrow":3,"minecraft:raw_gold":98,"minecraft:oak_leaves":48,"mekanismtools:lapis_lazuli_boots":1},"minecraft:crafted":{"minecraft:oak_planks":10,"minecraft:iron_nugget":2,"minecraft:furnace":1,"minecraft:diamond_helmet":1,"minecraft:diamond_leggings":1,"minecraft:stone_pickaxe":2,"minecraft:diamond_boots":1,"minecraft:netherite_scrap":41,"minecraft:diamond_sword":1,"minecraft:crafting_table":1,"minecraft:wooden_pickaxe":1,"minecraft:baked_potato":21,"minecraft:bread":13,"minecraft:air":218,"minecraft:gold_nugget":12,"minecraft:iron_chestplate":1,"minecraft:stick":16,"quark:oak_chest":1,"minecraft:iron_ingot":16,"minecraft:iron_pickaxe":1,"minecraft:gold_ingot":128,"minecraft:stone_sword":1,"minecraft:netherite_ingot":13,"minecraft:torch":4,"minecraft:shears":1,"minecraft:diamond_chestplate":1},"minecraft:picked_up":{"ironbookshelves:emerald_bookshelf":1,"minecraft:spruce_leaves":8,"minecraft:crafting_table":2,"minecraft:wheat":1,"minecraft:lead":2,"minecraft:diamond_sword":1,"dragonmod:rubyore":2,"hmag:ancient_stone":1,"psychadelic:hawaiian_baby_woodrose_seeds":36,"minecraft:stone_brick_stairs":1,"minecraft:string":26,"minecraft:wooden_sword":1,"minecraft:iron_leggings":2,"minecraft:netherite_scrap":14,"minecraft:diamond_leggings":1,"mysticalagriculture:inferium_essence":22,"minecraft:gold_nugget":3,"minecraft:cobbled_deepslate":22,"minecraft:rose_bush":4,"minecraft:iron_nugget":2,"minecraft:poppy":1,"minecraft:iron_pickaxe":1,"minecraft:phantom_membrane":1,"minecraft:furnace":1,"minecraft:stick":16,"minecraft:raw_iron":32,"apotheosis:gem":10,"minecraft:torch":6,"mysticalagriculture:prosperity_shard":4,"psychadelic:dm_tpipe":6,"quark:blossom_log":64,"tombstone:grave_dust":5,"minecraft:diorite":16,"psychadelic:salviaextractinpipe":2,"monsters_and_girls:ink_cap_mushroom":9,"minecraft:arrow":18,"minecraft:diamond_chestplate":1,"minecraft:rotten_flesh":48,"psychadelic:mdmapill":2,"artifacts:panic_necklace":1,"minecraft:cobblestone":369,"minecraft:oxeye_daisy":1,"minecraft:birch_leaves":6,"hmag:copper_nugget":1,"minecraft:salmon":1,"minecraft:andesite":12,"biomesoplenty:goldenrod":22,"minecraft:leather":4,"minecraft:red_mushroom":1,"alexsmobs:bear_fur":1,"minecraft:chainmail_chestplate":1,"minecraft:oak_log":22,"minecraft:ancient_debris":320,"minecraft:gunpowder":26,"minecraft:dirt":91,"minecraft:paper":3,"minecraft:bone":14,"minecraft:apple":1,"minecraft:bow":7,"minecraft:wheat_seeds":9,"minecraft:raw_gold":30,"minecraft:iron_ingot":3,"tombstone:bag_of_seeds":1,"minecraft:mossy_stone_bricks":8,"minecraft:glass_bottle":1,"minecraft:oak_planks":105,"psychadelic:ls_dblotter":4,"minecraft:mossy_stone_brick_stairs":1,"psychadelic:pipe":1,"minecraft:chiseled_stone_bricks":2,"hmag:soul_powder":1,"psychadelic:peyoteslice":13,"inventorypets:pet_anvil":1,"minecraft:gravel":3,"minecraft:sand":64,"mekanismtools:lapis_lazuli_boots":1,"minecraft:ink_sac":3,"sophisticatedbackpacks:iron_backpack":1,"minecraft:dark_oak_log":64,"mekanism:raw_osmium":1,"minecraft:spider_eye":4,"minecraft:bundle":1,"minecraft:diamond":66,"minecraft:spruce_boat":1,"tombstone:scroll_of_knowledge":1,"minecraft:netherrack":9,"minecraft:baked_potato":23,"minecraft:iron_helmet":1,"minecraft:granite":11,"minecraft:grass":9,"tombstone:magic_scroll":3,"alexsmobs:maggot":2,"minecraft:chainmail_helmet":3,"minecraft:golden_horse_armor":1,"minecraft:bread":99,"minecraft:oak_button":4,"minecraft:oak_sapling":52,"minecraft:black_wool":2,"dragonmod:scarletleaves":1,"minecraft:bricks":2,"minecraft:coal":60,"minecraft:oak_leaves":106,"minecraft:ender_pearl":1},"minecraft:mined":{"minecraft:mossy_cobblestone":2,"minecraft:granite":11,"minecraft:grass_block":6,"denseores:dense_deepslate_iron_ore":5,"minecraft:kelp":1,"minecraft:furnace":1,"minecraft:iron_ore":14,"minecraft:fire":18,"minecraft:andesite":6,"minecraft:mossy_stone_brick_stairs":2,"minecraft:deepslate_iron_ore":2,"denseores:dense_nether_quartz_ore":13,"mysticalagradditions:nether_prosperity_ore":1,"minecraft:stone":206,"mekanism:deepslate_lead_ore":1,"mekanism:osmium_ore":1,"minecraft:torch":1,"minecraft:crafting_table":2,"minecraft:rose_bush":1,"minecraft:nether_quartz_ore":5,"denseores:dense_coal_ore":6,"minecraft:cobblestone":29,"minecraft:oak_planks":17,"minecraft:diorite":13,"biomesoplenty:goldenrod":1,"denseores:dense_deepslate_diamond_ore":1,"minecraft:netherrack":2,"minecraft:birch_leaves":6,"minecraft:stone_brick_stairs":1,"minecraft:grass":22,"minecraft:oak_log":17,"minecraft:coal_ore":8,"minecraft:gravel":2,"minecraft:dirt":10,"minecraft:cobweb":1,"minecraft:cracked_stone_bricks":2,"minecraft:mossy_stone_bricks":3,"minecraft:oak_leaves":243,"minecraft:deepslate":11}},"DataVersion":3120}