{
  "comforts:sleeping_bag_light_gray": {
    "criteria": {
      "has_the_recipe": "2024-11-03 22:19:55 +0000"
    },
    "done": true
  },
  "apotheosis:affix/rare": {
    "criteria": {
      "sword": "2024-11-06 17:47:27 +0000"
    },
    "done": true
  },
  "comforts:hammock_cyan_from_white": {
    "criteria": {
      "has_the_recipe": "2024-11-03 22:19:55 +0000"
    },
    "done": true
  },
  "comforts:hammock_black": {
    "criteria": {
      "has_the_recipe": "2024-11-03 22:19:55 +0000"
    },
    "done": true
  },
  "comforts:sleeping_bag_light_blue": {
    "criteria": {
      "has_the_recipe": "2024-11-03 22:19:55 +0000"
    },
    "done": true
  },
  "comforts:sleeping_bag_lime": {
    "criteria": {
      "has_the_recipe": "2024-11-03 22:19:55 +0000"
    },
    "done": true
  },
  "minecraft:nether/obtain_crying_obsidian": {
    "criteria": {
      "crying_obsidian": "2024-11-08 23:10:39 +0000"
    },
    "done": true
  },
  "naturescompass:natures_compass": {
    "criteria": {
      "has_compass": "2024-11-03 22:19:55 +0000"
    },
    "done": true
  },
  "comforts:sleeping_bag_lime_from_white": {
    "criteria": {
      "has_the_recipe": "2024-11-03 22:19:55 +0000"
    },
    "done": true
  },
  "tombstone:adventure/halloween": {
    "criteria": {
      "coded_trigger": "2024-11-03 22:19:55 +0000"
    },
    "done": true
  },
  "quark:get_all_blossom_saplings": {
    "criteria": {
      "orange": "2024-11-04 22:04:00 +0000",
      "yellow": "2024-11-11 05:07:12 +0000",
      "lavender": "2024-11-07 01:53:11 +0000"
    },
    "done": false
  },
  "minecraft:nether/root": {
    "criteria": {
      "entered_nether": "2024-11-07 01:17:33 +0000"
    },
    "done": true
  },
  "casinocraft:recipes/decorations/item_prismarine": {
    "criteria": {
      "has_prismarine": "2024-11-07 03:13:39 +0000"
    },
    "done": true
  },
  "comforts:sleeping_bag_black": {
    "criteria": {
      "has_the_recipe": "2024-11-03 22:19:55 +0000"
    },
    "done": true
  },
  "minecraft:story/shiny_gear": {
    "criteria": {
      "diamond_boots": "2024-11-06 23:56:12 +0000"
    },
    "done": true
  },
  "minecraft:nether/obtain_ancient_debris": {
    "criteria": {
      "ancient_debris": "2024-11-08 23:54:55 +0000"
    },
    "done": true
  },
  "apotheosis:give_book": {
    "criteria": {
      "tick": "2024-11-03 22:19:55 +0000"
    },
    "done": true
  },
  "comforts:hammock_red_from_white": {
    "criteria": {
      "has_the_recipe": "2024-11-03 22:19:55 +0000"
    },
    "done": true
  },
  "comforts:hammock_yellow": {
    "criteria": {
      "has_the_recipe": "2024-11-03 22:19:55 +0000"
    },
    "done": true
  },
  "explorerscompass:explorers_compass_cobweb": {
    "criteria": {
      "has_cobweb": "2024-11-03 22:19:55 +0000"
    },
    "done": true
  },
  "tombstone:adventure/cancel_ghostly_shape": {
    "criteria": {
      "coded_trigger": "2024-11-04 22:01:37 +0000"
    },
    "done": true
  },
  "lootr:1chest": {
    "criteria": {
      "opened_chest": "2024-11-04 01:16:17 +0000"
    },
    "done": true
  },
  "comforts:hammock_pink_from_white": {
    "criteria": {
      "has_the_recipe": "2024-11-03 22:19:55 +0000"
    },
    "done": true
  },
  "betterdungeons:all_dungeons": {
    "criteria": {
      "in_better_spider_dungeon": "2024-11-07 01:05:27 +0000",
      "in_better_monster_room": "2024-11-17 04:50:22 +0000"
    },
    "done": false
  },
  "apotheosis:affix/root": {
    "criteria": {
      "sword": "2024-11-04 21:08:04 +0000"
    },
    "done": true
  },
  "minecraft:nether/summon_wither": {
    "criteria": {
      "summoned": "2024-11-18 22:41:40 +0000"
    },
    "done": true
  },
  "tombstone:adventure/bone_crusher": {
    "criteria": {
      "coded_trigger": "2024-11-07 01:41:27 +0000"
    },
    "done": true
  },
  "compactmachines:claimed_machine_max": {
    "criteria": {
      "claimed_machine": "2024-11-18 23:07:00 +0000"
    },
    "done": true
  },
  "tombstone:adventure/chain_death": {
    "criteria": {
      "coded_trigger": "2024-11-07 01:44:05 +0000"
    },
    "done": true
  },
  "tombstone:adventure/strong_undead": {
    "criteria": {
      "coded_trigger": "2024-11-18 22:56:25 +0000"
    },
    "done": true
  },
  "apotheotic_additions:main/tower": {
    "criteria": {
      "enter_tower": "2024-11-04 01:15:30 +0000"
    },
    "done": true
  },
  "tombstone:adventure/find_grave_dust": {
    "criteria": {
      "from_undead": "2024-11-04 22:02:00 +0000"
    },
    "done": true
  },
  "mutantmonsters:root": {
    "criteria": {
      "killed_something": "2024-11-04 01:03:34 +0000"
    },
    "done": true
  },
  "casinocraft:recipes/decorations/wool_black": {
    "criteria": {
      "has_wool": "2024-11-07 00:14:50 +0000"
    },
    "done": true
  },
  "comforts:hammock_purple": {
    "criteria": {
      "has_the_recipe": "2024-11-03 22:19:55 +0000"
    },
    "done": true
  },
  "minecraft:husbandry/balanced_diet": {
    "criteria": {
      "cooked_porkchop": "2024-11-07 02:03:52 +0000",
      "cooked_mutton": "2024-11-04 22:30:43 +0000",
      "cooked_beef": "2024-11-04 22:02:05 +0000",
      "baked_potato": "2024-11-05 01:31:41 +0000",
      "apple": "2024-11-04 22:51:05 +0000",
      "bread": "2024-11-04 21:52:09 +0000",
      "rotten_flesh": "2024-11-06 17:43:50 +0000",
      "salmon": "2024-11-05 01:16:37 +0000",
      "golden_carrot": "2024-11-07 00:09:37 +0000",
      "carrot": "2024-11-07 00:09:28 +0000"
    },
    "done": false
  },
  "inventorypets:netherportal": {
    "criteria": {
      "crafting_table": "2024-11-04 20:24:03 +0000"
    },
    "done": true
  },
  "tombstone:recipes/from_grave_key": {
    "criteria": {
      "has_ingredient": "2024-11-04 01:11:20 +0000"
    },
    "done": true
  },
  "inventorypets:meta": {
    "criteria": {
      "crafting_table": "2024-11-18 23:42:34 +0000"
    },
    "done": true
  },
  "mekanism:infusing_efficiency": {
    "criteria": {
      "enriched_material": "2024-11-19 16:05:20 +0000"
    },
    "done": true
  },
  "comforts:hammock_lime": {
    "criteria": {
      "has_the_recipe": "2024-11-03 22:19:55 +0000"
    },
    "done": true
  },
  "comforts:sleeping_bag_pink": {
    "criteria": {
      "has_the_recipe": "2024-11-03 22:19:55 +0000"
    },
    "done": true
  },
  "advancednetherite:nether/netherite_gold_armor": {
    "criteria": {
      "netherite_gold_armor": "2024-11-11 04:31:43 +0000"
    },
    "done": true
  },
  "naturescompass:natures_compass_sapling": {
    "criteria": {
      "has_recipe": "2024-11-03 22:19:55 +0000"
    },
    "done": true
  },
  "comforts:sleeping_bag_light_blue_from_white": {
    "criteria": {
      "has_the_recipe": "2024-11-03 22:19:55 +0000"
    },
    "done": true
  },
  "tombstone:adventure/first_grave": {
    "criteria": {
      "coded_trigger": "2024-11-04 01:11:18 +0000"
    },
    "done": true
  },
  "tombstone:adventure/fortuitous_militia": {
    "criteria": {
      "coded_trigger": "2024-11-11 03:59:17 +0000"
    },
    "done": true
  },
  "alexsmobs:alexsmobs/hummingbird_feeder": {
    "criteria": {
      "hummingbird_feeder": "2024-11-19 00:35:25 +0000"
    },
    "done": true
  },
  "mekanismtools:not_enough_shielding": {
    "criteria": {
      "shields": "2024-11-19 16:20:34 +0000"
    },
    "done": true
  },
  "mekanismtools:alternate_tools": {
    "criteria": {
      "tools": "2024-11-19 01:21:16 +0000"
    },
    "done": true
  },
  "dungeons_arise:find_mushroom_house": {
    "criteria": {
      "location0": "2024-11-04 01:15:30 +0000"
    },
    "done": true
  },
  "refinedstorage:storing_items": {
    "criteria": {
      "storage_disk_in_inventory": "2024-11-19 00:40:48 +0000"
    },
    "done": true
  },
  "comforts:hammock_magenta": {
    "criteria": {
      "has_the_recipe": "2024-11-03 22:19:55 +0000"
    },
    "done": true
  },
  "casinocraft:recipes/decorations/wool_red": {
    "criteria": {
      "has_wool": "2024-11-07 01:13:01 +0000"
    },
    "done": true
  },
  "minecraft:nether/get_wither_skull": {
    "criteria": {
      "wither_skull": "2024-11-18 22:23:47 +0000"
    },
    "done": true
  },
  "mutantmonsters:you_da_bomby": {
    "criteria": {
      "tamed_creeper_minion": "2024-11-18 23:12:19 +0000"
    },
    "done": true
  },
  "comforts:sleeping_bag_red": {
    "criteria": {
      "has_the_recipe": "2024-11-03 22:19:55 +0000"
    },
    "done": true
  },
  "trashcans:trash_can": {
    "criteria": {
      "has_item_trash_can": "2024-11-11 02:30:47 +0000"
    },
    "done": true
  },
  "mg_secrets_of_mermaids:discover_the_mermaids": {
    "criteria": {
      "discover_the_mermaids": "2024-11-03 22:19:55 +0000"
    },
    "done": true
  },
  "minecraft:story/obtain_armor": {
    "criteria": {
      "iron_boots": "2024-11-04 21:57:21 +0000"
    },
    "done": true
  },
  "comforts:sleeping_bag_blue": {
    "criteria": {
      "has_the_recipe": "2024-11-03 22:19:55 +0000"
    },
    "done": true
  },
  "biomesoplenty:biomesoplenty/all_biomes": {
    "criteria": {
      "woodland": "2024-11-04 01:14:38 +0000",
      "shrubland": "2024-11-07 00:27:50 +0000",
      "scrubland": "2024-11-04 21:49:35 +0000",
      "floodplain": "2024-11-07 03:58:48 +0000",
      "lush_savanna": "2024-11-07 03:56:53 +0000",
      "old_growth_woodland": "2024-11-04 21:20:25 +0000",
      "wooded_scrubland": "2024-11-07 03:36:14 +0000",
      "field": "2024-11-11 04:56:13 +0000",
      "mediterranean_forest": "2024-11-07 01:04:51 +0000",
      "coniferous_forest": "2024-11-19 00:49:59 +0000",
      "spider_nest": "2024-11-11 04:47:39 +0000",
      "lush_desert": "2024-11-07 04:00:55 +0000",
      "seasonal_orchard": "2024-11-19 00:50:22 +0000",
      "rocky_rainforest": "2024-11-04 21:20:26 +0000",
      "fir_clearing": "2024-11-19 00:50:17 +0000",
      "grassland": "2024-11-11 04:54:56 +0000",
      "undergrowth": "2024-11-11 04:21:59 +0000",
      "rainforest": "2024-11-04 21:21:26 +0000"
    },
    "done": false
  },
  "minecraft:story/mine_stone": {
    "criteria": {
      "get_stone": "2024-11-04 21:12:25 +0000"
    },
    "done": true
  },
  "quark:mine_toretoise": {
    "criteria": {
      "mine_toretoise": "2024-11-11 04:51:56 +0000"
    },
    "done": true
  },
  "alexsmobs:alexsmobs/grizzly_bear": {
    "criteria": {
      "killed_by": "2024-11-07 01:42:45 +0000"
    },
    "done": true
  },
  "tombstone:adventure/create_magic_scroll": {
    "criteria": {
      "has_magic_scroll": "2024-11-11 04:24:54 +0000"
    },
    "done": true
  },
  "apotheosis:affix/epic": {
    "criteria": {
      "sword": "2024-11-11 04:22:57 +0000"
    },
    "done": true
  },
  "tombstone:adventure/strong_or_careful": {
    "criteria": {
      "coded_trigger": "2024-11-04 22:01:01 +0000"
    },
    "done": true
  },
  "alexsmobs:alexsmobs/novelty_hat": {
    "criteria": {
      "sopa_de_macaco": "2024-11-11 05:01:13 +0000"
    },
    "done": true
  },
  "minecraft:adventure/sleep_in_bed": {
    "criteria": {
      "slept_in_bed": "2024-11-07 00:19:19 +0000"
    },
    "done": true
  },
  "tombstone:adventure/create_familiar_receptacle": {
    "criteria": {
      "has_familiar_receptacle": "2024-11-18 22:56:26 +0000"
    },
    "done": true
  },
  "minecraft:story/lava_bucket": {
    "criteria": {
      "lava_bucket": "2024-11-07 02:53:51 +0000"
    },
    "done": true
  },
  "comforts:sleeping_bag_orange": {
    "criteria": {
      "has_the_recipe": "2024-11-03 22:19:55 +0000"
    },
    "done": true
  },
  "minecraft:husbandry/root": {
    "criteria": {
      "consumed_item": "2024-11-04 21:52:09 +0000"
    },
    "done": true
  },
  "dimstorage:dimensional_chest": {
    "criteria": {
      "inv_changed": "2024-11-19 16:43:40 +0000"
    },
    "done": true
  },
  "flower_foxes:flowerfoxes": {
    "criteria": {
      "flowerfoxes": "2024-11-03 22:19:55 +0000"
    },
    "done": true
  },
  "apotheosis:affix/chests": {
    "criteria": {
      "sword": "2024-11-04 21:57:21 +0000"
    },
    "done": true
  },
  "lootr:10loot": {
    "criteria": {
      "loot_stat": "2024-11-04 22:01:51 +0000"
    },
    "done": true
  },
  "mutantmonsters:hulk_smash": {
    "criteria": {
      "hammer_in_offhand": "2024-11-18 23:12:31 +0000",
      "hammer_in_mainhand": "2024-11-18 23:12:31 +0000"
    },
    "done": true
  },
  "inventorypets:blaze": {
    "criteria": {
      "crafting_table": "2024-11-18 23:40:38 +0000"
    },
    "done": true
  },
  "minecraft:adventure/root": {
    "criteria": {
      "killed_something": "2024-11-04 01:03:34 +0000"
    },
    "done": true
  },
  "apotheosis:affix/random": {
    "criteria": {
      "sword": "2024-11-04 21:08:04 +0000"
    },
    "done": true
  },
  "comforts:hammock_red": {
    "criteria": {
      "has_the_recipe": "2024-11-03 22:19:55 +0000"
    },
    "done": true
  },
  "tombstone:adventure/discreet_search": {
    "criteria": {
      "coded_trigger": "2024-11-04 20:20:59 +0000"
    },
    "done": true
  },
  "lootr:social": {
    "criteria": {
      "opened_barrel": "2024-11-07 03:40:09 +0000",
      "opened_chest": "2024-11-04 01:16:17 +0000"
    },
    "done": false
  },
  "farmersdelight:main/root": {
    "criteria": {
      "seeds": "2024-11-03 22:19:55 +0000"
    },
    "done": true
  },
  "comforts:hammock_black_from_white": {
    "criteria": {
      "has_the_recipe": "2024-11-03 22:19:55 +0000"
    },
    "done": true
  },
  "tombstone:adventure/enchant_grave_key": {
    "criteria": {
      "has_upgraded_grave_key": "2024-11-04 20:13:48 +0000"
    },
    "done": true
  },
  "tombstone:adventure/village_defender": {
    "criteria": {
      "coded_trigger": "2024-11-11 04:03:36 +0000"
    },
    "done": true
  },
  "comforts:hammock_gray_from_white": {
    "criteria": {
      "has_the_recipe": "2024-11-03 22:19:55 +0000"
    },
    "done": true
  },
  "minecraft:adventure/kill_all_mobs": {
    "criteria": {
      "minecraft:blaze": "2024-11-11 04:23:04 +0000",
      "minecraft:pillager": "2024-11-11 03:58:44 +0000",
      "minecraft:skeleton": "2024-11-04 21:06:54 +0000",
      "minecraft:ghast": "2024-11-18 22:25:06 +0000",
      "minecraft:vindicator": "2024-11-11 04:03:27 +0000",
      "minecraft:magma_cube": "2024-11-18 22:28:16 +0000",
      "minecraft:spider": "2024-11-04 01:03:34 +0000",
      "minecraft:creeper": "2024-11-04 22:50:17 +0000",
      "minecraft:wither": "2024-11-18 22:41:58 +0000",
      "minecraft:phantom": "2024-11-09 00:03:16 +0000",
      "minecraft:zombified_piglin": "2024-11-08 23:50:08 +0000",
      "minecraft:witch": "2024-11-07 04:00:57 +0000",
      "minecraft:wither_skeleton": "2024-11-11 04:22:43 +0000",
      "minecraft:husk": "2024-11-11 04:03:20 +0000",
      "minecraft:cave_spider": "2024-11-07 02:01:46 +0000",
      "minecraft:piglin": "2024-11-08 23:32:57 +0000",
      "minecraft:enderman": "2024-11-07 00:36:17 +0000",
      "minecraft:zombie": "2024-11-04 21:08:03 +0000",
      "quark:foxhound": "2024-11-08 23:32:28 +0000",
      "minecraft:drowned": "2024-11-07 01:04:17 +0000"
    },
    "done": false
  },
  "minecraft:story/enter_the_nether": {
    "criteria": {
      "entered_nether": "2024-11-07 01:17:33 +0000"
    },
    "done": true
  },
  "mekanism:root": {
    "criteria": {
      "automatic": "2024-11-03 22:19:55 +0000"
    },
    "done": true
  },
  "minecraft:story/enchant_item": {
    "criteria": {
      "enchanted_item": "2024-11-08 23:23:15 +0000"
    },
    "done": true
  },
  "apotheosis:affix/mythic_gem": {
    "criteria": {
      "gem": "2024-11-07 01:56:34 +0000"
    },
    "done": true
  },
  "mekanism:item_transport": {
    "criteria": {
      "basic_logistical_transporter": "2024-11-19 16:40:20 +0000"
    },
    "done": true
  },
  "mekanism:injection_chamber": {
    "criteria": {
      "chemical_injection_chamber": "2024-11-19 16:20:31 +0000"
    },
    "done": true
  },
  "tombstone:recipes/from_decorative_grave": {
    "criteria": {
      "has_ingredient": "2024-11-18 22:59:44 +0000"
    },
    "done": true
  },
  "comforts:hammock_lime_from_white": {
    "criteria": {
      "has_the_recipe": "2024-11-03 22:19:55 +0000"
    },
    "done": true
  },
  "apotheosis:affix/rare_gem": {
    "criteria": {
      "gem": "2024-11-04 01:16:22 +0000"
    },
    "done": true
  },
  "mekanism:materials": {
    "criteria": {
      "material": "2024-11-18 23:23:45 +0000"
    },
    "done": true
  },
  "comforts:hammock_orange_from_white": {
    "criteria": {
      "has_the_recipe": "2024-11-03 22:19:55 +0000"
    },
    "done": true
  },
  "mekanismtools:alternate_armor": {
    "criteria": {
      "armor": "2024-11-04 21:08:04 +0000"
    },
    "done": true
  },
  "minecraft:adventure/voluntary_exile": {
    "criteria": {
      "voluntary_exile": "2024-11-04 23:06:40 +0000"
    },
    "done": true
  },
  "comforts:sleeping_bag_light_gray_from_white": {
    "criteria": {
      "has_the_recipe": "2024-11-03 22:19:55 +0000"
    },
    "done": true
  },
  "toms_storage:unlock_chest": {
    "criteria": {
      "inv_changed-chest": "2024-11-03 22:19:55 +0000"
    },
    "done": true
  },
  "tombstone:adventure/create_decorative_grave": {
    "criteria": {
      "has_decorative_grave": "2024-11-18 22:59:44 +0000"
    },
    "done": true
  },
  "apotheosis:enchanting/quanta0": {
    "criteria": {
      "enchanted_item": "2024-11-08 23:23:15 +0000"
    },
    "done": true
  },
  "naturescompass:natures_compass_log": {
    "criteria": {
      "has_recipe": "2024-11-03 22:19:55 +0000"
    },
    "done": true
  },
  "advancednetherite:nether/netherite_emerald_armor": {
    "criteria": {
      "netherite_emerald_armor": "2024-11-11 04:31:50 +0000"
    },
    "done": true
  },
  "lootr:25loot": {
    "criteria": {
      "loot_stat": "2024-11-07 00:29:40 +0000"
    },
    "done": true
  },
  "tombstone:adventure/first_knowledge": {
    "criteria": {
      "coded_trigger": "2024-11-04 20:14:14 +0000"
    },
    "done": true
  },
  "minecraft:story/mine_diamond": {
    "criteria": {
      "diamond": "2024-11-04 22:02:45 +0000"
    },
    "done": true
  },
  "minecraft:story/upgrade_tools": {
    "criteria": {
      "stone_pickaxe": "2024-11-04 21:13:35 +0000"
    },
    "done": true
  },
  "comforts:hammock_blue": {
    "criteria": {
      "has_the_recipe": "2024-11-03 22:19:55 +0000"
    },
    "done": true
  },
  "comforts:hammock_gray": {
    "criteria": {
      "has_the_recipe": "2024-11-03 22:19:55 +0000"
    },
    "done": true
  },
  "betterdungeons:spider_dungeon": {
    "criteria": {
      "in_better_spider_dungeon": "2024-11-07 01:05:27 +0000"
    },
    "done": true
  },
  "lootr:1barrel": {
    "criteria": {
      "opened_barrel": "2024-11-07 03:40:09 +0000"
    },
    "done": true
  },
  "minecraft:husbandry/tame_an_animal": {
    "criteria": {
      "tamed_animal": "2024-11-11 03:35:03 +0000"
    },
    "done": true
  },
  "comforts:hammock_white": {
    "criteria": {
      "has_the_recipe": "2024-11-03 22:19:55 +0000"
    },
    "done": true
  },
  "casinocraft:recipes/decorations/wool_light_gray": {
    "criteria": {
      "has_wool": "2024-11-07 00:35:18 +0000"
    },
    "done": true
  },
  "farmersdelight:main/plant_all_crops": {
    "criteria": {
      "wheat": "2024-11-08 23:45:26 +0000",
      "carrot": "2024-11-08 23:45:15 +0000"
    },
    "done": false
  },
  "comforts:sleeping_bag_green_from_white": {
    "criteria": {
      "has_the_recipe": "2024-11-03 22:19:55 +0000"
    },
    "done": true
  },
  "dungeons_arise:find_small_blimp": {
    "criteria": {
      "location0": "2024-11-07 03:59:02 +0000"
    },
    "done": true
  },
  "tombstone:adventure/ashes_and_bones": {
    "criteria": {
      "coded_trigger": "2024-11-04 22:29:11 +0000"
    },
    "done": true
  },
  "comforts:sleeping_bag_black_from_white": {
    "criteria": {
      "has_the_recipe": "2024-11-03 22:19:55 +0000"
    },
    "done": true
  },
  "inventorypets:enderman": {
    "criteria": {
      "crafting_table": "2024-11-18 23:42:08 +0000"
    },
    "done": true
  },
  "comforts:hammock_light_blue_from_white": {
    "criteria": {
      "has_the_recipe": "2024-11-03 22:19:55 +0000"
    },
    "done": true
  },
  "inventorypets:pixie": {
    "criteria": {
      "crafting_table": "2024-11-18 23:02:20 +0000"
    },
    "done": true
  },
  "inventorypets:use_meta": {
    "criteria": {
      "example": "2024-11-18 23:42:08 +0000"
    },
    "done": true
  },
  "minecraft:nether/find_fortress": {
    "criteria": {
      "in_better_fortress": "2024-11-11 04:22:07 +0000"
    },
    "done": true
  },
  "toms_storage:unlock_netherite": {
    "criteria": {
      "inv_changed-netherite": "2024-11-03 22:19:55 +0000"
    },
    "done": true
  },
  "inventorypets:cloud": {
    "criteria": {
      "crafting_table": "2024-11-11 04:13:53 +0000"
    },
    "done": true
  },
  "apotheosis:spawner/root": {
    "criteria": {
      "spawner": "2024-11-17 04:49:20 +0000"
    },
    "done": true
  },
  "apotheosis:affix/boss": {
    "criteria": {
      "sword": "2024-11-07 01:50:35 +0000"
    },
    "done": true
  },
  "botanypots:husbandry/get_hopper_pot": {
    "criteria": {
      "get_hopper_pot": "2024-11-06 23:37:07 +0000"
    },
    "done": true
  },
  "mowziesmobs:root": {
    "criteria": {
      "custom_test_name": "2024-11-03 22:19:55 +0000"
    },
    "done": true
  },
  "comforts:hammock_cyan": {
    "criteria": {
      "has_the_recipe": "2024-11-03 22:19:55 +0000"
    },
    "done": true
  },
  "comforts:sleeping_bag_purple": {
    "criteria": {
      "has_the_recipe": "2024-11-03 22:19:55 +0000"
    },
    "done": true
  },
  "botanypots:husbandry/get_basic_pot": {
    "criteria": {
      "get_botany_pot": "2024-11-05 18:00:54 +0000"
    },
    "done": true
  },
  "inventorypets:illuminati": {
    "criteria": {
      "crafting_table": "2024-11-18 23:48:46 +0000"
    },
    "done": true
  },
  "apotheosis:spawner/capturing": {
    "criteria": {
      "egg": "2024-11-04 00:58:50 +0000"
    },
    "done": true
  },
  "farmersdelight:main/get_fd_seed": {
    "criteria": {
      "tomato_seeds": "2024-11-07 00:30:18 +0000"
    },
    "done": true
  },
  "comforts:sleeping_bag_purple_from_white": {
    "criteria": {
      "has_the_recipe": "2024-11-03 22:19:55 +0000"
    },
    "done": true
  },
  "tombstone:adventure/root": {
    "criteria": {
      "auto": "2024-11-03 22:19:56 +0000"
    },
    "done": true
  },
  "mowziesmobs:kill_umvuthana_raptor": {
    "criteria": {
      "umvuthana_raptor": "2024-11-05 01:32:30 +0000"
    },
    "done": true
  },
  "cataclysm:root": {
    "criteria": {
      "custom_test_name": "2024-11-03 22:19:55 +0000"
    },
    "done": true
  },
  "comforts:sleeping_bag_yellow": {
    "criteria": {
      "has_the_recipe": "2024-11-03 22:19:55 +0000"
    },
    "done": true
  },
  "inventorypets:5": {
    "criteria": {
      "example": "2024-11-18 23:42:08 +0000"
    },
    "done": true
  },
  "inventorypets:1": {
    "criteria": {
      "example": "2024-11-04 20:24:03 +0000"
    },
    "done": true
  },
  "inventorypets:slime": {
    "criteria": {
      "crafting_table": "2024-11-19 00:38:19 +0000"
    },
    "done": true
  },
  "comforts:hammock_light_gray": {
    "criteria": {
      "has_the_recipe": "2024-11-03 22:19:55 +0000"
    },
    "done": true
  },
  "endrem:main/nether_eye": {
    "criteria": {
      "nether_eye": "2024-11-11 04:24:54 +0000"
    },
    "done": true
  },
  "casinocraft:recipes/decorations/wool_white": {
    "criteria": {
      "has_wool": "2024-11-04 21:52:51 +0000"
    },
    "done": true
  },
  "comforts:sleeping_bag_orange_from_white": {
    "criteria": {
      "has_the_recipe": "2024-11-03 22:19:55 +0000"
    },
    "done": true
  },
  "comforts:hammock_yellow_from_white": {
    "criteria": {
      "has_the_recipe": "2024-11-03 22:19:55 +0000"
    },
    "done": true
  },
  "tombstone:adventure/teleport_to_grave": {
    "criteria": {
      "coded_trigger": "2024-11-04 20:14:14 +0000"
    },
    "done": true
  },
  "casinocraft:recipes/misc/item_book": {
    "criteria": {
      "has_paper": "2024-11-04 01:15:50 +0000"
    },
    "done": true
  },
  "advancednetherite:nether/obtain_netherite_iron_ingot": {
    "criteria": {
      "netherite_iron_ingot": "2024-11-11 04:29:07 +0000"
    },
    "done": true
  },
  "compactmachines:got_shrinking_device": {
    "criteria": {
      "obtained_psd": "2024-11-18 23:06:54 +0000"
    },
    "done": true
  },
  "comforts:sleeping_bag_blue_from_white": {
    "criteria": {
      "has_the_recipe": "2024-11-03 22:19:55 +0000"
    },
    "done": true
  },
  "biomesoplenty:biomesoplenty/root": {
    "criteria": {
      "woodland": "2024-11-04 01:14:38 +0000"
    },
    "done": true
  },
  "apotheosis:affix/gem": {
    "criteria": {
      "gem": "2024-11-04 01:16:22 +0000"
    },
    "done": true
  },
  "comforts:sleeping_bag_green": {
    "criteria": {
      "has_the_recipe": "2024-11-03 22:19:55 +0000"
    },
    "done": true
  },
  "casinocraft:recipes/decorations/wool_brown": {
    "criteria": {
      "has_wool": "2024-11-07 00:35:18 +0000"
    },
    "done": true
  },
  "endrem:main/rogue_eye": {
    "criteria": {
      "rogue_eye": "2024-11-04 22:04:55 +0000"
    },
    "done": true
  },
  "comforts:sleeping_bag_brown_from_white": {
    "criteria": {
      "has_the_recipe": "2024-11-03 22:19:55 +0000"
    },
    "done": true
  },
  "minecraft:story/iron_tools": {
    "criteria": {
      "iron_pickaxe": "2024-11-04 22:23:58 +0000"
    },
    "done": true
  },
  "comforts:sleeping_bag_white": {
    "criteria": {
      "has_the_recipe": "2024-11-03 22:19:55 +0000"
    },
    "done": true
  },
  "mekanismtools:paxel": {
    "criteria": {
      "any_paxel": "2024-11-04 21:13:53 +0000"
    },
    "done": true
  },
  "comforts:hammock_light_gray_from_white": {
    "criteria": {
      "has_the_recipe": "2024-11-03 22:19:55 +0000"
    },
    "done": true
  },
  "casinocraft:recipes/decorations/wool_gray": {
    "criteria": {
      "has_wool": "2024-11-07 00:35:21 +0000"
    },
    "done": true
  },
  "comforts:sleeping_bag_gray": {
    "criteria": {
      "has_the_recipe": "2024-11-03 22:19:55 +0000"
    },
    "done": true
  },
  "comforts:sleeping_bag_brown": {
    "criteria": {
      "has_the_recipe": "2024-11-03 22:19:55 +0000"
    },
    "done": true
  },
  "dimstorage:root": {
    "criteria": {
      "inv_changed": "2024-11-19 16:43:22 +0000"
    },
    "done": true
  },
  "advancednetherite:nether/netherite_diamond_armor": {
    "criteria": {
      "netherite_diamond_armor": "2024-11-11 04:31:58 +0000"
    },
    "done": true
  },
  "alexsmobs:alexsmobs/tigers_blessing": {
    "criteria": {
      "all_effects": "2024-11-18 22:26:24 +0000"
    },
    "done": true
  },
  "inventorypets:heart": {
    "criteria": {
      "crafting_table": "2024-11-18 23:42:35 +0000"
    },
    "done": true
  },
  "minecraft:story/root": {
    "criteria": {
      "crafting_table": "2024-11-08 22:40:09 +0000"
    },
    "done": true
  },
  "betterdungeons:small_dungeon": {
    "criteria": {
      "in_better_monster_room": "2024-11-17 04:50:22 +0000"
    },
    "done": true
  },
  "inventorypets:root": {
    "criteria": {
      "auto": "2024-11-03 22:19:56 +0000"
    },
    "done": true
  },
  "artifacts:amateur_archaeologist": {
    "criteria": {
      "find_artifact": "2024-11-04 21:34:24 +0000"
    },
    "done": true
  },
  "comforts:hammock_light_blue": {
    "criteria": {
      "has_the_recipe": "2024-11-03 22:19:55 +0000"
    },
    "done": true
  },
  "minecraft:story/form_obsidian": {
    "criteria": {
      "obsidian": "2024-11-07 02:54:04 +0000"
    },
    "done": true
  },
  "comforts:rope_and_nail": {
    "criteria": {
      "has_the_recipe": "2024-11-03 22:19:55 +0000"
    },
    "done": true
  },
  "mekanism:metallurgic_infuser": {
    "criteria": {
      "metallurgic_infuser": "2024-11-19 02:06:54 +0000"
    },
    "done": true
  },
  "dragonmod:scarletsnow": {
    "criteria": {
      "scarletsnow": "2024-11-04 21:30:40 +0000"
    },
    "done": true
  },
  "apotheosis:affix/mythic": {
    "criteria": {
      "sword": "2024-11-07 01:50:35 +0000"
    },
    "done": true
  },
  "betterdungeons:root": {
    "criteria": {
      "always": "2024-11-03 22:19:55 +0000"
    },
    "done": true
  },
  "casinocraft:recipes/decorations/item_quartz": {
    "criteria": {
      "has_quartz": "2024-11-08 23:32:13 +0000"
    },
    "done": true
  },
  "explorerscompass:explorers_compass_cracked_stone_bricks": {
    "criteria": {
      "has_recipe": "2024-11-03 22:19:55 +0000",
      "has_cracked_stone_bricks": "2024-11-03 22:19:55 +0000"
    },
    "done": true
  },
  "comforts:sleeping_bag_red_from_white": {
    "criteria": {
      "has_the_recipe": "2024-11-03 22:19:55 +0000"
    },
    "done": true
  },
  "lootr:root": {
    "criteria": {
      "always_true": "2024-11-03 22:19:55 +0000"
    },
    "done": true
  },
  "minecraft:adventure/kill_a_mob": {
    "criteria": {
      "minecraft:spider": "2024-11-04 01:03:34 +0000"
    },
    "done": true
  },
  "alexsmobs:alexsmobs/seagull_steal": {
    "criteria": {
      "ex": "2024-11-07 00:13:45 +0000"
    },
    "done": true
  },
  "alexsmobs:alexsmobs/orcas_might": {
    "criteria": {
      "all_effects": "2024-11-18 23:13:46 +0000"
    },
    "done": true
  },
  "comforts:sleeping_bag_magenta_from_white": {
    "criteria": {
      "has_the_recipe": "2024-11-03 22:19:55 +0000"
    },
    "done": true
  },
  "comforts:hammock_magenta_from_white": {
    "criteria": {
      "has_the_recipe": "2024-11-03 22:19:55 +0000"
    },
    "done": true
  },
  "comforts:hammock_brown_from_white": {
    "criteria": {
      "has_the_recipe": "2024-11-03 22:19:55 +0000"
    },
    "done": true
  },
  "tombstone:recipes/from_grave_dust": {
    "criteria": {
      "has_ingredient": "2024-11-04 21:12:00 +0000"
    },
    "done": true
  },
  "toms_storage:unlock_glowstone": {
    "criteria": {
      "inv_changed-glowstone": "2024-11-03 22:19:55 +0000"
    },
    "done": true
  },
  "minecraft:nether/obtain_blaze_rod": {
    "criteria": {
      "blaze_rod": "2024-11-11 04:23:16 +0000"
    },
    "done": true
  },
  "endrem:main/eyes_recipe": {
    "criteria": {
      "eyes": "2024-11-18 22:18:36 +0000"
    },
    "done": true
  },
  "mekanism:advanced_control_circuit": {
    "criteria": {
      "advanced_control_circuit": "2024-11-19 16:32:24 +0000"
    },
    "done": true
  },
  "minecraft:adventure/adventuring_time": {
    "criteria": {
      "minecraft:taiga": "2024-11-11 04:57:11 +0000",
      "minecraft:savanna_plateau": "2024-11-07 03:36:41 +0000",
      "minecraft:beach": "2024-11-03 22:23:16 +0000",
      "minecraft:sparse_jungle": "2024-11-07 00:48:12 +0000",
      "minecraft:river": "2024-11-04 01:06:42 +0000",
      "minecraft:lukewarm_ocean": "2024-11-04 21:18:43 +0000",
      "minecraft:snowy_taiga": "2024-11-03 22:36:46 +0000",
      "minecraft:forest": "2024-11-03 22:19:56 +0000",
      "minecraft:desert": "2024-11-07 03:53:19 +0000",
      "minecraft:ocean": "2024-11-07 03:10:49 +0000",
      "minecraft:savanna": "2024-11-04 21:44:59 +0000",
      "minecraft:plains": "2024-11-07 01:21:20 +0000"
    },
    "done": false
  },
  "comforts:hammock_blue_from_white": {
    "criteria": {
      "has_the_recipe": "2024-11-03 22:19:55 +0000"
    },
    "done": true
  },
  "comforts:sleeping_bag_gray_from_white": {
    "criteria": {
      "has_the_recipe": "2024-11-03 22:19:55 +0000"
    },
    "done": true
  },
  "endrem:main/wither_eye": {
    "criteria": {
      "wither_eye": "2024-11-18 22:56:26 +0000"
    },
    "done": true
  },
  "immersive_aircraft:misc/aircraftery": {
    "criteria": {
      "has_item": "2024-11-04 22:02:42 +0000"
    },
    "done": true
  },
  "comforts:sleeping_bag_cyan": {
    "criteria": {
      "has_the_recipe": "2024-11-03 22:19:55 +0000"
    },
    "done": true
  },
  "toms_storage:unlock_dia_pearl": {
    "criteria": {
      "inv_changed-ender_pearl": "2024-11-03 22:19:55 +0000",
      "inv_changed-diamond": "2024-11-03 22:19:55 +0000"
    },
    "done": true
  },
  "apotheosis:enchanting/bookshelf": {
    "criteria": {
      "bookshelf": "2024-11-17 04:51:22 +0000"
    },
    "done": true
  },
  "comforts:hammock_purple_from_white": {
    "criteria": {
      "has_the_recipe": "2024-11-03 22:19:55 +0000"
    },
    "done": true
  },
  "tombstone:adventure/easy_opening": {
    "criteria": {
      "coded_trigger": "2024-11-04 20:14:16 +0000"
    },
    "done": true
  },
  "mekanism:steel_casing": {
    "criteria": {
      "steel_casing": "2024-11-19 16:20:02 +0000"
    },
    "done": true
  },
  "mekanism:basic_control_circuit": {
    "criteria": {
      "basic_control_circuit": "2024-11-19 16:05:13 +0000"
    },
    "done": true
  },
  "minecraft:husbandry/plant_seed": {
    "criteria": {
      "wheat": "2024-11-08 23:45:26 +0000"
    },
    "done": true
  },
  "explorerscompass:explorers_compass": {
    "criteria": {
      "has_recipe": "2024-11-03 22:19:55 +0000",
      "has_compass": "2024-11-03 22:19:55 +0000"
    },
    "done": true
  },
  "apotheosis:enchanting/enchanter": {
    "criteria": {
      "enchanting_table": "2024-11-07 01:55:26 +0000"
    },
    "done": true
  },
  "ironfurnaces:coal": {
    "criteria": {
      "rainbowcoal": "2024-11-03 22:19:55 +0000"
    },
    "done": true
  },
  "comforts:sleeping_bag_pink_from_white": {
    "criteria": {
      "has_the_recipe": "2024-11-03 22:19:55 +0000"
    },
    "done": true
  },
  "minecraft:nether/netherite_armor": {
    "criteria": {
      "netherite_armor": "2024-11-09 01:38:16 +0000"
    },
    "done": true
  },
  "advancednetherite:nether/netherite_iron_armor": {
    "criteria": {
      "netherite_iron_armor": "2024-11-11 04:31:34 +0000"
    },
    "done": true
  },
  "mekanism:factory": {
    "criteria": {
      "factory": "2024-11-19 01:16:44 +0000"
    },
    "done": true
  },
  "comforts:sleeping_bag_yellow_from_white": {
    "criteria": {
      "has_the_recipe": "2024-11-03 22:19:55 +0000"
    },
    "done": true
  },
  "monsters_and_girls:monsters_and_girls_update": {
    "criteria": {
      "monsters_and_girls_update": "2024-11-03 22:19:55 +0000"
    },
    "done": true
  },
  "dungeons_arise:wda_root": {
    "criteria": {
      "WDA": "2024-11-03 22:19:55 +0000"
    },
    "done": true
  },
  "farmersdelight:main/craft_knife": {
    "criteria": {
      "flint_knife": "2024-11-07 00:34:19 +0000"
    },
    "done": true
  },
  "tombstone:adventure/choose_knowledge": {
    "criteria": {
      "coded_trigger": "2024-11-19 00:55:59 +0000"
    },
    "done": true
  },
  "comforts:hammock_green_from_white": {
    "criteria": {
      "has_the_recipe": "2024-11-03 22:19:55 +0000"
    },
    "done": true
  },
  "comforts:hammock_orange": {
    "criteria": {
      "has_the_recipe": "2024-11-03 22:19:55 +0000"
    },
    "done": true
  },
  "lootr:50loot": {
    "criteria": {
      "loot_stat": "2024-11-07 01:53:32 +0000"
    },
    "done": true
  },
  "farmersdelight:main/eat_nourishing_food": {
    "criteria": {
      "nourishment": "2024-11-19 00:28:30 +0000"
    },
    "done": true
  },
  "endrem:main/root": {
    "criteria": {
      "rogue_eye": "2024-11-04 22:04:55 +0000"
    },
    "done": true
  },
  "comforts:hammock_pink": {
    "criteria": {
      "has_the_recipe": "2024-11-03 22:19:55 +0000"
    },
    "done": true
  },
  "comforts:sleeping_bag_magenta": {
    "criteria": {
      "has_the_recipe": "2024-11-03 22:19:55 +0000"
    },
    "done": true
  },
  "minecraft:nether/explore_nether": {
    "criteria": {
      "minecraft:soul_sand_valley": "2024-11-04 20:24:24 +0000",
      "minecraft:nether_wastes": "2024-11-07 01:17:34 +0000"
    },
    "done": false
  },
  "mekanism:infused_alloy": {
    "criteria": {
      "alloy_infused": "2024-11-19 16:24:19 +0000"
    },
    "done": true
  },
  "comforts:sleeping_bag_cyan_from_white": {
    "criteria": {
      "has_the_recipe": "2024-11-03 22:19:55 +0000"
    },
    "done": true
  },
  "lootr:100loot": {
    "criteria": {
      "loot_stat": "2024-11-19 00:52:42 +0000"
    },
    "done": true
  },
  "comforts:hammock_brown": {
    "criteria": {
      "has_the_recipe": "2024-11-03 22:19:55 +0000"
    },
    "done": true
  },
  "comforts:hammock_green": {
    "criteria": {
      "has_the_recipe": "2024-11-03 22:19:55 +0000"
    },
    "done": true
  },
  "minecraft:story/smelt_iron": {
    "criteria": {
      "iron": "2024-11-04 22:02:42 +0000"
    },
    "done": true
  },
  "tombstone:adventure/ambush": {
    "criteria": {
      "coded_trigger": "2024-11-07 04:00:57 +0000"
    },
    "done": true
  },
  "DataVersion": 3120
}