{
	"level_seeds": [
		{
			"dim": "minecraft:the_nether",
			"seed": -3598172537051920928
		},
		{
			"dim": "compactmachines:compact_world",
			"seed": -3598172537051920928
		},
		{
			"dim": "minecraft:the_end",
			"seed": -3598172537051920928
		},
		{
			"dim": "minecraft:overworld",
			"seed": -3598172537051920928
		}
	],
	"structure_seeds": [
		{
			"dim": "minecraft:the_nether",
			"seed": -3598172537051920928
		},
		{
			"dim": "compactmachines:compact_world",
			"seed": -3598172537051920928
		},
		{
			"dim": "minecraft:the_end",
			"seed": -3598172537051920928
		},
		{
			"dim": "minecraft:overworld",
			"seed": -3598172537051920928
		}
	]
}